HOUSEHOLD_ID,DRIVER_ID,POLICY_ID,CLAIM_ID,INCIDENT_CAUSE,DESCRIPTION,CLAIM_STATUS,ODOMETER_AT_LOSS,LOSS_EVENT_TIME,CLAIM_INIT_TIME,POLICE_REPORT,CLAIMS_AT_LOSS_DATE,LOSS_LOCATION_LAT,LOSS_LOCATION_LONG,CLAIM_AMOUNT,FLAG_FOR_FRAUD_INV,PRIMARY_DRIVER_ID,START_DATE,EXPIRY_DATE,MODEL_YEAR,MAKE,MODEL,PLATE,COLOR,INITIAL_ODOMETER,LOW_MILEAGE_USE,FIRST_NAME,LAST_NAME,GENDER,BIRTHDATE,SSN,DRIVERS_LICENSE_ID,DRIVERS_LICENSE_EXPIRY,DRIVERS_LICENSE_STATE,DATE_AT_CURRENT_ADDRESS,CONTACT_NUMBER,EMAIL,COMMUTE_DISCOUNT,WORK_ADDR_NUMB,WORK_ADDR_STREET_NAME,WORK_ADDR_UNIT_DESIGNATION,WORK_ADDR_UNIT_NUMBER,WORK_ADDR_CITY,WORK_ADDR_STATE,WORK_ADDR_ZIPCODE,WORK_ADDR_LATITUDE,WORK_ADDR_LONGITUDE,WORK_ADDR_PBKEY,ADDR_STREET_NUMBER,ADDR_STREET_NAME,ADDR_UNIT_DESIGNATION,ADDR_UNIT_NUMBER,CITY,STATE,ZIPCODE,LATITUDE,LONGITUDE,PBKEY
CH42335,XZJ2837,NW5567882,A-2017-UU907,3,,1,157654.9,00:00.0,00:00.0,1,1,41.90210313,-87.75562353,35765,1,XZJ2837,19/09/2016,19/09/2017,2010,Nissan,Sentra,MJCW106,Silver,144972,0,Will,Dorau,M,25/12/1973,457-20-9007,X151-5971-1594,19/08/2018,IL,16/04/1999,634-603-0960 ,wdorau@freshmaail.com,0,3411,N ASHLAND AVE,,,CHICAGO,IL,60657,41.943749,-87.668369,P00007UWRNHZ,2153,MALLARD LN,,,HANOVER PARK,IL,60133,41.943656,-88.158922,-88.158922
IH49805,VVR6423,UR4864804,A-2018-FI481,3,,3,226154.5,00:00.0,00:00.0,0,1,41.96356191,-87.73139688,1909,0,VVR6423,14/06/2017,14/06/2018,2008,Dodge,Ram,LKUD688,White,212580,0,Tammie,Mostrom,F,14/09/1945,718-38-8987,K702-7678-1851,27/01/2018,IL,09/06/2011,827-916-0381 ,tmostrom@yahoot.com,0,1048,N ASHLAND AVE,,,CHICAGO,IL,60622,41.901134,-87.66778,P00007UWEN7G,13886,W EMMA LN,,,METTAWA,IL,60045,42.249667,-87.903629,-87.903629
AF28736,UQM2512,RR8595908,A-2016-ZG694,1,,1,83968.6,00:00.0,00:00.0,0,2,41.73660156,-87.6049681,25730,1,UQM2512,24/08/2015,23/08/2016,2009,Chevrolet,Equinox,OBQU415,White,77994,1,Esther,Sebranek,F,16/05/1988,076-62-7083,V549-5272-3181,19/11/2019,IL,21/05/2005,723-552-0479 ,esebranek@zohoo.com,0,176,N BRANDON DR,,,GLENDALE HEIGHTS,IL,60139,41.930979,-88.082189,P00007UTGSGT,8726,S DORCHESTER AVE,,,CHICAGO,IL,60619,41.736025,-87.590889,-87.590889
EF53594,YDT5591,RN5640634,A-2016-NG783,1,,1,309570.3,00:00.0,00:00.0,0,1,41.90992525,-87.73155722,40880,1,YDT5591,25/07/2015,24/07/2016,2002,Chevrolet,Equinox,EVOQ882,White,296352,0,Donny,Nickless,M,18/01/1974,571-32-3662,Z350-2956-6553,16/05/2019,IL,11/03/2000,741-637-0631 ,dnickless@life.com,0,4820,W 25TH ST,,,CICERO,IL,60804,41.846048,-87.74515,P00007UWRZX0,543,N HARDING AVE,,,CHICAGO,IL,60624,41.891161,-87.724383,-87.724383
LD32277,ONM5465,YY1229530,A-2017-ZO863,3,,3,136633.9,00:00.0,00:00.0,0,1,41.9237502,-87.78988086,2130,0,JZZ5688,08/01/2016,07/01/2017,2010,Honda,CR-V,OGDM932,White,134244,0,Floyd,Liggan,M,01/05/1950,315-84-4443,E912-8544-3880,06/07/2020,IL,04/07/2012,735-427-0152 ,fliggan@mooosend.com,0,2323,N CLIFTON AVE,,,CHICAGO,IL,60614,41.924384,-87.65684,P00007UWO5N5,6952,S HALSTED ST,,,CHICAGO,IL,60621,41.767273,-87.644831,-87.644831
DM94074,GBU7751,XP3473763,A-2018-XB432,1,,3,326514.1,00:00.0,00:00.0,0,1,41.90925707,-87.78505659,1970,0,BUK6977,15/01/2017,15/01/2018,2004,Ford,F-150,REJM073,White,316848,0,Eula,Warszawski,F,11/07/1996,471-29-3745,I654-9978-4497,26/09/2021,IL,15/07/2001,258-917-0229 ,ewarszawski@husshmail.com,0,8726,W SUMMERDALE AVE,,,CHICAGO,IL,60656,41.976265,-87.845114,P00007UWGCBU,10607,SOUTHWEST HWY,APT,1B,WORTH,IL,60482,41.698491,-87.795412,-87.795412
MD38210,CBR4335,US5444269,A-2017-XP758,2,,3,58477.9,00:00.0,00:00.0,0,1,41.92839511,-87.7964676,2290,0,CBR4335,08/07/2016,08/07/2017,2012,Chevrolet,Impala,CMJQ294,Silver,53232,1,Griselda,Loner,F,17/01/1994,831-08-6699,U505-6792-6383,10/05/2019,IL,08/04/2004,237-542-0511 ,gloner@inboux.com,0,165,N FIELD BLVD,APT,F27,CHICAGO,IL,60601,41.884987,-87.616671,P00007UWMP0L,1745,BUTTERFIELD LN,,,FLOSSMOOR,IL,60422,41.529887,-87.667547,-87.667547
GL77908,HZF3884,XR1994270,A-2017-QY946,1,,3,176476.9,00:00.0,00:00.0,0,1,41.88571554,-87.72837561,2990,0,QAX1481,11/08/2016,11/08/2017,2010,Kia,Sportage,ZXUR990,Med Dk Blue,165900,0,Octavio,Schneweis,M,28/05/1948,533-58-6360,U229-6740-4370,26/04/2019,IL,02/02/1999,358-965-0435 ,oschneweis@inboux.com,0,5645,N GLENWOOD AVE,,,CHICAGO,IL,60660,41.984938,-87.664576,P00007UWGJE3,940,S LINDEN AVE,,,ELMHURST,IL,60126,41.870344,-87.927946,-87.927946
BA26199,CSE9523,VP6368585,A-2018-LB818,3,,3,277812.7,00:00.0,00:00.0,0,1,41.89505399,-87.74566176,1170,0,CSE9523,13/10/2017,13/10/2018,2006,Nissan,Sentra,MUWC424,Black,268104,0,Hiram,Tobal,M,06/06/2001,177-05-4386,C119-6069-3125,15/04/2021,IL,07/03/2005,342-300-0794 ,htobal@zohoo.com,0,5126,NEW HAVEN CT,,,PLAINFIELD,IL,60586,41.547886,-88.206594,P00007UU9VWF,45,SWIFT LN,,,NAPERVILLE,IL,60565,41.745043,-88.132447,-88.132447
EA38976,HFX7408,YP9758006,A-2016-QD338,5,,3,190541.3,00:00.0,00:00.0,0,1,41.89197561,-87.61458027,2090,0,HFX7408,23/06/2015,22/06/2016,2008,Kia,Sportage,DSBF062,Med. Dark Gray,178656,0,Daphne,Combis,F,13/05/1996,663-04-9631,H990-2061-2569,07/08/2019,IL,04/03/2012,729-508-0389 ,dcombis@mooosend.com,0,8755,S THROOP ST,,,CHICAGO,IL,60620,41.734304,-87.655375,P00007UUIRM0,2930,N SHERIDAN RD,APT,808,CHICAGO,IL,60657,41.935238,-87.639715,-87.639715
GB64343,PXE3728,XY6800348,A-2017-CK710,1,,3,290975.1,00:00.0,00:00.0,0,1,41.91122338,-87.63865603,2130,0,PXE3728,14/04/2016,14/04/2017,2005,Kia,Optima,YSOB682,Med. Dark Gray,280368,0,Lea,Vandriessche,F,15/03/1984,597-29-1657,E935-8533-8050,02/07/2019,IL,03/05/2017,751-341-0972 ,lvandriessche@outloop.com,0,4956,W RACE AVE,,,CHICAGO,IL,60644,41.8907,-87.750374,P00007UWQWUY,5823,N RAVENSWOOD AVE,APT,114,CHICAGO,IL,60660,41.987778,-87.674221,-87.674221
JG99629,OKH5337,ZK6994471,A-2018-WF114,3,,1,159873.2,00:00.0,00:00.0,1,5,41.73583545,-87.66786637,33040,1,OKH5337,22/02/2017,22/02/2018,2010,Hyundai,Sonata,XRIG314,Med Dk Blue,157344,0,Chuck,Matovich,M,17/08/1944,859-29-4381,B243-8755-9939,29/03/2018,IL,06/07/2008,235-819-0662 ,cmatovich@mmail.com,0,1300,INVERRARY LN,,,PALATINE,IL,60074,42.141338,-88.01146,P00007UT7L9C,519,RAE AVE,,,LAKE VILLA,IL,60046,42.425972,-88.095956,-88.095956
FH81231,RQZ1566,ZR4462879,A-2018-VT470,1,,3,391866.9,00:00.0,00:00.0,0,1,41.73416431,-87.55121062,2400,0,FSC3949,10/01/2017,10/01/2018,1998,Dodge,Durango,WGOW284,Med Dark Green,385536,0,Charley,Royland,M,10/03/1976,402-37-9515,A797-1886-8312,01/04/2018,IL,15/05/2012,335-799-0958 ,croyland@lightemail.com,0,225,POSTON RD,,,WILLOW SPRINGS,IL,60480,41.743216,-87.861541,P00007UU0ME7,1573,SWALLOW ST,,,NAPERVILLE,IL,60565,41.740917,-88.12917,-88.12917
KI98597,VRX5780,ZW4263453,A-2017-SA279,3,,1,384000.6,00:00.0,00:00.0,0,3,41.79185207,-87.8013778,21330,1,VRX5780,04/06/2016,04/06/2017,2000,Toyota,Corolla,UDHZ478,White,370668,0,Tasha,Rew,F,25/11/1967,024-31-2998,P682-5118-5638,13/07/2019,IL,14/01/2007,238-856-0215 ,trew@mmail.com,0,1908,W ROOSEVELT RD,,,CHICAGO,IL,60608,41.867177,-87.674061,P00007UWN7RE,6603,NATASHA CT,,,COUNTRYSIDE,IL,60525,41.768525,-87.886768,-87.886768
CG61685,TIA1702,UW8176531,A-2018-EJ368,2,,3,251644.8,00:00.0,00:00.0,1,1,42.00593081,-87.68066049,3427,0,TIA1702,10/04/2017,10/04/2018,2007,Nissan,Rogue,QSSR643,Med Dk Blue,237900,0,Casey,Glauber,F,12/03/1964,060-11-5593,N905-1410-1235,25/04/2020,IL,25/09/2009,729-792-0612 ,cglauber@beemail.com,0,14030,PARK AVE,,,DOLTON,IL,60419,41.639653,-87.610394,P00007UTRG5Y,1400,S MICHIGAN AVE,APT,812,CHICAGO,IL,60605,41.863785,-87.624553,-87.624553
AB12181,OBD8151,RW8652538,A-2017-CT587,2,,1,300279.3,00:00.0,00:00.0,0,1,41.69340052,-87.61232172,35385.5,1,OBD8151,25/11/2016,25/11/2017,2004,Chevrolet,Camaro,EBPS972,Silver,294552,0,Marguerite,Derfus,F,06/04/1965,518-80-3637,B797-7778-3019,13/04/2019,IL,04/07/1999,736-908-0587 ,mderfus@zohoo.com,0,17048,OAK PARK AVE,,,TINLEY PARK,IL,60477,41.58114,-87.785054,P00007UU0CEX,5945,S KOLIN AVE,,,CHICAGO,IL,60629,41.784505,-87.731125,-87.731125
BJ63668,WDC2749,PQ3189850,A-2017-CU817,2,,3,73419.5,00:00.0,00:00.0,0,1,41.84014456,-87.66133946,1570,0,OZP7842,06/04/2016,06/04/2017,2010,Honda,HR-V,WEIJ389,Black,68880,1,Lauren,Bennerman,M,29/11/1949,374-53-5198,B838-2736-1084,15/07/2020,IL,21/05/2002,739-454-0796 ,lbennerman@fasstmail.com,0,5425,W MONROE ST,,,CHICAGO,IL,60644,41.879049,-87.760607,P00007UUT2SR,2040,N DAMEN AVE,,,CHICAGO,IL,60647,41.918961,-87.677944,-87.677944
MG83193,XJB5149,XN9015815,A-2018-LF972,2,,3,118923.9,00:00.0,00:00.0,0,1,41.97517487,-87.7683442,2370,0,XJB5149,21/11/2017,21/11/2018,2007,Jeep,Renegade,KGAI436,Med Dk Blue,107052,1,Lavonne,Seachrist,F,26/11/1977,026-12-7247,L783-7567-9623,31/07/2018,IL,16/07/2012,241-352-0754 ,lseachrist@beemail.com,0,1258,S KEELER AVE,,,CHICAGO,IL,60623,41.864394,-87.730357,P00007UWP99L,1915,BROOKSIDE LN,,,HOFFMAN ESTATES,IL,60169,42.052519,-88.126611,-88.126611
IJ01709,CRP8660,SV1659058,A-2017-ML677,1,,1,182681.3,00:00.0,00:00.0,1,1,41.89017255,-87.64999164,26250,1,CRP8660,23/07/2016,23/07/2017,2009,Chevrolet,Equinox,KZHI056,Light Brown,177168,0,Milford,Pudelek,M,06/05/1990,757-79-0592,L593-9477-8291,28/09/2019,IL,26/11/2004,237-895-0114 ,mpudelek@husshmail.com,0,10848,CANTERBURY DR,,,MOKENA,IL,60448,41.549266,-87.881936,P00007UTW7XJ,1518,NEWBERRY AVE,,,LA GRANGE PARK,IL,60526,41.840755,-87.863346,-87.863346
BC94182,PEQ6155,UQ8163328,A-2018-WZ492,5,,1,160429.9,00:00.0,00:00.0,1,3,41.84065787,-87.72589914,25830,1,PEQ6155,11/07/2017,11/07/2018,2011,Nissan,Versa,FZEB641,Med Red,155820,0,Margret,Parizek,F,28/10/1977,422-73-7053,B318-8209-8689,22/07/2021,IL,23/02/2007,221-587-0845 ,mparizek@husshmail.com,0,310,DODGE AVE,,,EVANSTON,IL,60202,42.023566,-87.699873,P00007UWKMDQ,8541,LOTUS AVE,APT,716,SKOKIE,IL,60077,42.036175,-87.763821,-87.763821
MF96553,PPI8400,OT0287150,A-2018-DI451,2,,1,165363.7,00:00.0,00:00.0,1,4,41.88470505,-87.66704583,23483,1,PPI8400,23/04/2017,23/04/2018,2010,Hyundai,Tucson,QWRA025,Med Dark Green,159408,0,Stephan,Kebe,M,05/06/1979,677-32-8448,T337-9043-4676,26/11/2021,IL,18/09/2006,840-596-0633 ,skebe@mooosend.com,0,807,CHURCH ST,APT,P36,EVANSTON,IL,60201,42.048703,-87.682625,P00007UWKJP1,1605,W BROADLAND LN,,,LAKE FOREST,IL,60045,42.235813,-87.886131,-87.886131
BC90853,JOA9170,TW2172802,A-2016-RW653,5,,3,240639.2,00:00.0,00:00.0,1,1,41.73618257,-87.64365982,2173.5,0,JOA9170,20/08/2015,19/08/2016,2005,Chevrolet,Express,DMGO766,Black,228228,0,Barton,Aristil,M,04/01/1962,572-19-1787,K682-9535-3438,09/09/2020,IL,16/05/1999,232-384-0920 ,baristil@mooosend.com,0,5475,N MILWAUKEE AVE,,,CHICAGO,IL,60630,41.981311,-87.772401,P00007UUNF8N,423,BELOIT AVE,,,FOREST PARK,IL,60130,41.878605,-87.812311,-87.812311
AK42388,KNQ4268,PP7360289,A-2017-KO812,4,,3,388591.3,00:00.0,00:00.0,1,1,41.76203035,-87.61169575,1750,0,KNQ4268,17/04/2016,17/04/2017,2001,Dodge,Ram,HCCT626,Light Brown,379584,0,Adolfo,Ludvigson,M,17/12/1980,577-65-7635,G412-3879-8304,10/03/2021,IL,12/02/2008,749-985-0925 ,aludvigson@mmail.com,0,8157,S WESTERN AVE,,,CHICAGO,IL,60620,41.744808,-87.682372,P00007UWOV1K,33,W ONTARIO ST,APT,16E,CHICAGO,IL,60654,41.892856,-87.62922,-87.62922
HB16909,SRU2950,OY6516260,A-2016-CA740,1,,1,59498.7,00:00.0,00:00.0,1,1,42.00642207,-87.67812041,20310,1,SRU2950,18/04/2015,17/04/2016,2013,Kia,Optima,VPIX893,White,57024,0,Pablo,Yuson,M,14/11/1992,674-71-5901,E815-9580-7246,22/01/2021,IL,01/11/2006,261-881-0294 ,pyuson@lightemail.com,0,14342,OAKLEY AVE,,,ORLAND PARK,IL,60462,41.628775,-87.871576,P00007UTYLF4,26235,S PEACH TREE LN,,,MONEE,IL,60449,41.413341,-87.744754,-87.744754
FA97534,EHL9301,OS6708536,A-2018-PV577,1,,3,94043.6,00:00.0,00:00.0,0,1,41.81360176,-87.704338,2810,0,BIN1474,01/10/2017,01/10/2018,2014,Chevrolet,Colorado,RCGX530,Silver,81624,0,Kip,Martilla,M,07/08/1981,390-56-9983,O712-6388-9447,07/10/2019,IL,12/03/2001,634-984-0329 ,kmartilla@gmxx.com,0,5651,W IRVING PARK RD,,,CHICAGO,IL,60634,41.952844,-87.769028,P00007UUON6A,641,NOR OAKS CT,,,WEST CHICAGO,IL,60185,41.895214,-88.20205,-88.20205
CF57572,CJY6373,QV4842191,A-2017-JI571,4,,3,69305.4,00:00.0,00:00.0,1,1,41.9969237,-87.80694519,2370,0,WKB8440,06/03/2016,06/03/2017,2014,Mazda,CX-5,CFHZ633,Light Brown,58644,0,Phil,Smets,M,22/04/1935,619-49-9034,V580-5596-9033,25/10/2021,IL,07/01/2000,723-499-0260 ,psmets@fasstmail.com,0,2422,FIELD AVE,,,BROADVIEW,IL,60155,41.846203,-87.861392,P00007UX6F26,344,MARSHALL AVE,,,BELLWOOD,IL,60104,41.885531,-87.880014,-87.880014
ME37855,NCL2868,VT9807337,A-2018-CK215,5,,3,207764.4,00:00.0,00:00.0,0,1,41.95222752,-87.72742482,1320,0,NCL2868,14/01/2017,14/01/2018,2008,Chevrolet,Silverado,IABR557,Silver,206640,0,Edythe,Guikema,F,18/02/1936,310-38-2514,L127-2171-5221,16/05/2019,IL,05/05/2005,836-822-0418 ,eguikema@mmail.com,0,1400,E KENSINGTON RD,,,MOUNT PROSPECT,IL,60056,42.08155,-87.913034,P00007UWIUYE,2628,GREEN BAY RD,,,EVANSTON,IL,60201,42.065181,-87.699851,-87.699851
LA79549,YWA1319,PU5439335,A-2017-FJ217,5,,1,302710,00:00.0,00:00.0,0,5,41.9768951,-87.69227967,30840,1,YWA1319,04/04/2016,04/04/2017,2001,Acura,MDX,CIEG457,Silver,301680,0,Debora,Kostic,F,15/04/1952,899-34-7907,C909-6208-3289,28/04/2019,IL,27/11/2012,729-351-0694 ,dkostic@husshmail.com,0,2608,W 97TH ST,,,EVERGREEN PK,IL,60805,41.717525,-87.687407,P00007UV0SWO,850,W BELDEN AVE,,,CHICAGO,IL,60614,41.923827,-87.650662,-87.650662
II25056,CVI8835,OJ5466096,A-2017-YI133,4,,3,109080,00:00.0,00:00.0,0,3,41.88078079,-87.73023238,1230.5,0,CVI8835,20/05/2016,20/05/2017,2012,Dodge,Ram,DIPW431,Light Brown,101292,0,Elba,Nikolopoulos,F,12/09/1988,173-56-7742,L306-9916-4447,08/12/2018,IL,19/08/2015,235-784-0008 ,enikolopoulos@zohoo.com,0,15529,BLACKSTONE AVE,,,DOLTON,IL,60419,41.612678,-87.580256,P00007UWL0RM,16830,CRANE AVE,,,HAZEL CREST,IL,60429,41.583812,-87.671846,-87.671846
CK11297,HIR9014,RR5447110,A-2018-QW132,4,,3,69640.2,00:00.0,00:00.0,0,1,41.89275285,-87.76070937,1020,0,HIR9014,11/07/2017,11/07/2018,2015,Toyota,Prius,ZQIT260,Silver,57780,0,Shawna,Herrador,F,08/06/1948,682-40-8477,T455-9174-4535,10/11/2021,IL,18/07/2014,723-821-0048 ,sherrador@life.com,0,3,E 146TH ST,,,RIVERDALE,IL,60827,41.630152,-87.621758,P00007UV0T9Q,300,N STATE ST,APT,4010,CHICAGO,IL,60654,41.888195,-87.628468,-87.628468
KJ99727,MDE6706,RQ6230412,A-2018-AC526,2,,2,281332.9,00:00.0,00:00.0,1,1,41.9383457,-87.71230667,2470,0,MDE6706,17/05/2017,17/05/2018,2004,Honda,CR-V,FVGI062,Med. Dark Gray,276972,0,Francesca,Farrelly,F,23/07/1965,184-39-3490,O234-3528-1371,18/10/2020,IL,21/04/2010,232-902-0602 ,ffarrelly@freshmaail.com,0,889,W NORTH AVE,APT,D,VILLA PARK,IL,60181,41.904499,-87.99943,P00007UTL6L3,246,STAFFMARK LN,,,SCHAUMBURG,IL,60193,42.023116,-88.07595,-88.07595
GF42714,NKZ8115,ST5381628,A-2016-RA233,1,,1,176864.1,00:00.0,00:00.0,0,2,41.90643022,-87.64830557,31020,1,NKZ8115,23/08/2015,22/08/2016,2008,Hyundai,Tucson,AIXJ529,White,169824,0,Eloisa,Carty,F,09/08/1948,619-16-2595,U562-2653-5208,12/03/2020,IL,22/11/2002,723-262-0522 ,ecarty@inboux.com,0,3950,S PRINCETON AVE,,,CHICAGO,IL,60609,41.823469,-87.63636,P00007UWNENJ,700,W 43RD ST,,,CHICAGO,IL,60609,41.816485,-87.643569,-87.643569
BD67160,SAD8006,YS2739165,A-2018-CE386,3,,3,223253.6,00:00.0,00:00.0,0,1,41.89078197,-87.63125181,1890,0,SAD8006,08/02/2017,08/02/2018,2009,Toyota,Corolla,SEWV088,Med Red,212976,0,Tommie,Talaga,F,03/04/1942,173-46-6340,Z180-6156-2491,09/09/2020,IL,01/06/2011,739-772-0739 ,ttalaga@lightemail.com,0,207,N MIDLAND AVE,,,JOLIET,IL,60435,41.525971,-88.115928,P00007UTTQ65,6525,173RD PL,APT,2B,TINLEY PARK,IL,60477,41.575672,-87.777843,-87.777843
MJ57549,OGG2359,TO5690517,A-2018-CX480,3,,3,139853.9,00:00.0,00:00.0,0,1,41.89244415,-87.63720038,1932,0,OGG2359,03/08/2017,03/08/2018,2012,Hyundai,Tucson,JWIW436,Light Brown,134940,0,Joan,Toder,M,14/10/1997,368-73-0211,X872-2345-2670,09/07/2018,IL,27/08/2013,821-774-0093 ,jtoder@lightemail.com,0,16956,BLUFF RD,,,LEMONT,IL,60439,41.680617,-88.033515,P00007UWLB77,2062,WHEATFIELD DR,,,ROMEOVILLE,IL,60446,41.611756,-88.16079,-88.16079
FI15095,MWA3612,NO2626234,A-2016-VA733,1,,3,210844.5,00:00.0,00:00.0,0,1,41.8181867,-87.7433186,1730,0,MWA3612,25/07/2015,24/07/2016,2005,Kia,Forte,WWFJ255,Black,199452,0,Norman,Robus,M,08/11/1995,789-97-8931,J286-2558-6822,17/09/2021,IL,03/01/2000,748-836-0845 ,nrobus@yahoot.com,0,9829,S KOLIN AVE,,,OAK LAWN,IL,60453,41.713535,-87.729265,P00007UTXGR5,21545,JEFFREY AVE,,,SAUK VILLAGE,IL,60411,41.49619,-87.572537,-87.572537
ID61421,EXX9506,YS0850770,A-2016-EL664,2,,3,282275.4,00:00.0,00:00.0,0,3,41.88241054,-87.63721144,2170,0,EXX9506,15/09/2015,14/09/2016,2004,Ford,E-Series,NWTR387,White,276624,0,Belinda,Laughon,F,19/01/1981,463-86-6888,B796-7882-6341,20/05/2018,IL,15/09/2008,842-390-0006 ,blaughon@inboux.com,0,724,N WESTERN AVE,APT,I,PARK RIDGE,IL,60068,42.020796,-87.846011,P00007UWJ1C7,1469,N DRIFTWOOD AVE,,,PALATINE,IL,60067,42.136939,-88.052807,-88.052807
MA52163,LSI8871,QR4862688,A-2017-TP823,1,,1,224281.5,00:00.0,00:00.0,1,2,41.93136196,-87.72315142,20380,1,DLO2085,27/06/2016,27/06/2017,2007,Dodge,Ram,QWPG124,Silver,222168,0,Lloyd,Highbaugh,M,15/06/1937,409-13-4199,V357-3958-1578,11/02/2020,IL,07/09/2008,235-727-0567 ,lhighbaugh@mmail.com,0,2949,CLEMATIS DR,,,SCHAUMBURG,IL,60193,42.02546,-88.153918,P00007UTN8H3,8044,W LYONS ST,APT,D,NILES,IL,60714,42.050841,-87.827062,-87.827062
DH36190,HZO2953,RU4821935,A-2017-ZY438,5,,1,246553.7,00:00.0,00:00.0,1,1,41.81920073,-87.68457036,36190,1,HZO2953,16/03/2016,16/03/2017,2006,Toyota,Camry,JGIH775,Silver,245400,0,Elissa,Husmann,F,20/04/1939,141-58-9588,S299-6049-4016,03/11/2020,IL,09/02/2006,745-989-0324 ,ehusmann@inboux.com,0,5529,S ABERDEEN ST,,,CHICAGO,IL,60621,41.792933,-87.652069,P00007UWP38T,7338,S CALUMET AVE,,,CHICAGO,IL,60619,41.760872,-87.617236,-87.617236
EA76874,WWL4334,OO6902604,A-2018-YO211,3,,1,193096,00:00.0,00:00.0,1,1,41.90191323,-87.70164516,27370,1,WWL4334,25/05/2017,25/05/2018,2008,Chevrolet,Traverse,WTSS934,Med Dk Blue,188184,0,Karina,Baehler,F,31/08/1963,484-48-3708,Q874-7759-2892,22/04/2021,IL,13/03/2007,735-663-0507 ,kbaehler@fasstmail.com,0,12811,W BLOSSOM DR,,,ALSIP,IL,60803,41.657868,-87.732506,P00007UX7S9F,16,N MAY ST,UNIT,508,CHICAGO,IL,60607,41.882335,-87.655812,-87.655812
HJ59908,VYN5700,NN5051378,A-2016-EH641,2,,3,68251,00:00.0,00:00.0,0,1,41.88332815,-87.62846744,2280,0,VYN5700,22/06/2015,21/06/2016,2010,Ford,Explorer,BOOJ912,White,61920,1,Garret,Lor,M,18/05/1980,585-13-7095,M104-2165-8161,25/08/2020,IL,22/07/2009,745-914-0060 ,glor@mmail.com,0,18952,W OAK AVE,,,MUNDELEIN,IL,60060,42.246063,-88.003076,P00007UT4WD2,1916,N SAYRE AVE,,,CHICAGO,IL,60707,41.914996,-87.800977,-87.800977
EL79658,KYK1171,XN0256599,A-2017-VB796,1,,3,163689.5,00:00.0,00:00.0,0,3,41.84415759,-87.72469381,2360,0,KYK1171,27/05/2016,27/05/2017,2010,Honda,CR-V,VCIW471,Med Dk Blue,163044,0,Corina,Lindhout,F,04/02/1954,294-58-5476,Y471-1407-3196,22/10/2020,IL,10/11/2007,258-791-0720 ,clindhout@zohoo.com,1,600,E RAND RD,,,ARLINGTON HEIGHTS,IL,60004,42.111809,-87.976743,P00007USWMHR,735,HARMS RD,,,GLENVIEW,IL,60025,42.068319,-87.771078,-87.771078
EF67827,GZS5253,ZO5517949,A-2018-PQ500,5,,1,434090,00:00.0,00:00.0,1,1,41.68942688,-87.65875179,34490,1,GZS5253,05/06/2017,05/06/2018,1998,Nissan,Sentra,SFZL388,Silver,432000,0,Heath,Constantin,M,26/03/1947,162-38-7020,I275-9205-3978,10/04/2020,IL,04/01/1999,230-494-0682 ,hconstantin@zohoo.com,0,1850,S SPRINGFIELD AVE,,,CHICAGO,IL,60623,41.855576,-87.722718,P00007UWPD0A,5350,9TH AVE,,,COUNTRYSIDE,IL,60525,41.792854,-87.864253,-87.864253
AE73680,ZLV8042,WO6936760,A-2017-LM549,3,,1,40609.9,00:00.0,00:00.0,1,1,42.0004435,-87.66085935,30350,1,ZLV8042,25/03/2016,25/03/2017,2014,Toyota,Corolla,CTVQ181,White,28386,1,Angelia,Sobey,F,21/11/1992,135-08-8872,Q191-7070-6656,24/10/2021,IL,02/09/2012,232-227-0074 ,asobey@mooosend.com,0,1025,CAMPUS DR,,,MUNDELEIN,IL,60060,42.25,-87.982386,P00007UW4U4R,32,MOFFETT RD,,,LAKE BLUFF,IL,60044,42.269796,-87.836708,-87.836708
BA95213,XWX7008,VP6479927,A-2016-XT283,3,,1,241219.8,00:00.0,00:00.0,1,3,41.86730472,-87.64397388,27310,1,XWX7008,20/09/2015,19/09/2016,2004,Kia,Optima,BMFT529,Silver,234144,0,Chung,Calavan,M,03/02/1936,367-48-9959,L931-4829-7982,07/01/2019,IL,21/07/2017,723-224-0927 ,ccalavan@outloop.com,0,953,W CUYLER AVE,,,CHICAGO,IL,60613,41.955174,-87.653238,P00007UWO0K2,400,E OHIO ST,APT,4801,CHICAGO,IL,60611,41.89292,-87.617293,-87.617293
BH63677,MNG4882,YY4764753,A-2016-MF411,1,,1,243194.9,00:00.0,00:00.0,1,3,41.93457199,-87.78566027,25210,1,MNG4882,21/10/2015,20/10/2016,2004,Chevrolet,Camaro,EUAY902,White,233424,0,Tessa,Jugan,F,27/03/1949,595-10-6395,R895-9819-1167,20/12/2021,IL,06/02/1999,751-245-0239 ,tjugan@outloop.com,0,4016,S ELLIS AVE,,,CHICAGO,IL,60653,41.821342,-87.603941,P00007UWRD8G,11020,S MILLARD AVE,,,CHICAGO,IL,60655,41.692535,-87.712237,-87.712237
CJ75179,JGL7271,XO0903670,A-2018-IX762,5,,2,50221.6,00:00.0,00:00.0,1,1,41.89506294,-87.7530869,2950,0,JGL7271,26/03/2017,26/03/2018,2016,Chevrolet,Colorado,ALET311,Silver,36720,0,Chasity,Brode,F,02/03/1941,771-51-3470,Z493-6758-8084,01/06/2018,IL,13/09/2008,824-658-0711 ,cbrode@fasstmail.com,0,2150,S CHESTNUT ST,APT,C,DES PLAINES,IL,60018,42.014047,-87.889741,P00007UT015T,2031,PARKSIDE DR,,,PARK RIDGE,IL,60068,42.042935,-87.846771,-87.846771
JH82234,MXU1596,UX1515385,A-2016-YK142,2,,3,347421,00:00.0,00:00.0,0,1,41.86252459,-87.64213178,1210,0,MXU1596,19/05/2015,18/05/2016,1998,Subaru,Impreza,LGKI253,Silver,339984,0,Marquis,Jastrab,M,28/06/1980,125-62-6381,S404-3346-8684,21/12/2018,IL,18/06/2010,736-592-0129 ,mjastrab@freshmaail.com,0,2528,N LINCOLN AVE,APT,P-39,CHICAGO,IL,60614,41.927413,-87.652524,P00007UWO7EO,5258,W CARMEN AVE,,,CHICAGO,IL,60630,41.973638,-87.760038,-87.760038
KL27559,KGC9647,QX1087376,A-2017-VS697,5,,1,93436.3,00:00.0,00:00.0,1,1,41.77455256,-87.68336926,19340,1,KDR2343,21/05/2016,21/05/2017,2013,Toyota,Rav-4,MWFR194,Silver,84348,0,Thurman,Amis,M,18/01/1986,867-43-0315,O298-6752-2088,31/03/2020,IL,27/07/1999,221-411-0804 ,tamis@fasstmail.com,0,1047,N THROOP ST,,,CHICAGO,IL,60642,41.901264,-87.659908,P00007UWQQM9,304,N OWEN ST,,,MOUNT PROSPECT,IL,60056,42.072169,-87.930366,-87.930366
FM37273,RYT3714,SS8033919,A-2017-YO261,1,,3,42931.6,00:00.0,00:00.0,0,3,41.89679903,-87.70315361,2560,0,RYT3714,27/03/2016,27/03/2017,2015,Hyundai,Sonata,HAFY632,Silver,40212,0,Maryann,Guadian,F,06/01/1958,808-35-9985,P780-8697-1739,23/10/2018,IL,25/05/2016,357-465-0678 ,mguadian@yahoot.com,0,3316,W 95TH ST,,,EVERGREEN PK,IL,60805,41.720991,-87.704573,P00007UV0S9Q,818,S HAWTHORNE AVE,,,ELMHURST,IL,60126,41.87443,-87.953425,-87.953425
AG14753,GMS3368,OP0488234,A-2017-MJ827,1,,3,86881.4,00:00.0,00:00.0,0,1,41.88770538,-87.62058814,2550,0,GMS3368,03/04/2016,03/04/2017,2013,Nissan,Altima,GZLU426,Silver,79524,0,Jamal,Pollmann,M,01/06/1936,079-31-6534,J144-7667-4809,08/04/2019,IL,23/04/1999,735-548-0345 ,jpollmann@freshmaail.com,0,1629,S PRAIRIE AVE,UNIT,2506,CHICAGO,IL,60616,41.859467,-87.620386,P00007UUFZI1,1817,RIDGELAND AVE,,,BERWYN,IL,60402,41.855572,-87.783337,-87.783337
MF26358,URL8316,NR7986744,A-2018-MK237,2,,3,47333.9,00:00.0,00:00.0,0,1,41.70344854,-87.68138191,1350,0,URL8316,01/07/2017,01/07/2018,2016,Toyota,Corolla,LCJK787,White,37872,0,Rosa,Lambey,F,12/07/1973,500-80-0804,J129-6438-4587,02/12/2018,IL,25/03/2005,232-961-0842 ,rlambey@fasstmail.com,0,22423,YATES AVE,,,SAUK VILLAGE,IL,60411,41.481756,-87.564321,P00007UTQW5E,8010,HOWARD AVE,,,LA GRANGE,IL,60525,41.744047,-87.89258,-87.89258
LM58734,KPQ4157,YX8982998,A-2018-TT969,3,,3,245549,00:00.0,00:00.0,0,4,41.92834542,-87.6684029,1180,0,KPQ4157,02/06/2017,02/06/2018,2008,Buick,Enclave,RRHN760,White,232920,0,Horace,Mathesius,M,11/10/1961,869-70-2920,G840-4521-6716,13/11/2019,IL,25/01/2007,348-729-0078 ,hmathesius@yahoot.com,0,417,THAMES DR,,,SHOREWOOD,IL,60404,41.527642,-88.22166,P00007UTPQES,7021,HILLCREST DR,,,DOWNERS GROVE,IL,60516,41.760323,-88.019281,-88.019281
HE69325,WVA4800,ZZ8124639,A-2017-VV444,5,,1,45802.6,00:00.0,00:00.0,0,1,41.80107195,-87.58174032,34994.5,1,WVA4800,17/07/2016,17/07/2017,2015,Kia,Soul,USOF558,Silver,44904,0,Dorian,Ziering,M,22/07/1969,047-40-9266,F775-2634-3845,10/12/2018,IL,27/06/2007,741-967-0745 ,dziering@yahoot.com,0,2302,S GOEBBERT RD,APT,1106,ARLINGTON HEIGHTS,IL,60005,42.043081,-87.976579,P00007UWI30F,6656,S KEDVALE AVE,,,CHICAGO,IL,60629,41.771452,-87.726579,-87.726579
AH19995,AKN9070,TQ9596648,A-2016-BE830,5,,3,251473.2,00:00.0,00:00.0,0,1,41.8776941,-87.75352928,16680,0,AKN9070,19/08/2015,18/08/2016,2004,GMC,Sierra,JWLU704,Light Brown,238752,0,Claudio,Kamat,M,04/05/1971,889-21-7664,X701-8626-3214,06/09/2019,IL,11/08/2015,735-377-0720 ,ckamat@mmail.com,0,3033,N SHERIDAN RD,APT,308,CHICAGO,IL,60657,41.937403,-87.639068,P00007UUXA5V,1754,N WILMOT AVE,,,CHICAGO,IL,60647,41.91343,-87.681068,-87.681068
KH42441,ZTE2349,YS2996375,A-2017-QO316,3,,1,45797.8,00:00.0,00:00.0,1,3,42.00830436,-87.67818538,14480,1,ZTE2349,14/07/2016,14/07/2017,2015,Ford,F-150,BJAH825,Light Brown,42864,0,Tracie,Freerksen,F,10/09/1988,092-21-4340,F129-5494-2295,02/05/2021,IL,09/01/2015,736-517-0798 ,tfreerksen@inboux.com,0,15021,EVERS ST,,,DOLTON,IL,60419,41.621699,-87.604693,P00007UTRIZ2,8030,S KOLMAR AVE,,,CHICAGO,IL,60652,41.746431,-87.735243,-87.735243
BK87192,GTF4097,ZX0110603,A-2016-VA425,1,,3,88939.1,00:00.0,00:00.0,1,1,41.93064372,-87.68536822,1817,0,GTF4097,22/01/2015,22/01/2016,2012,Ford,E-Series,NTBC226,Silver,77328,0,Bart,Hanniford,M,20/01/1947,581-49-3586,A573-9324-7524,28/09/2020,IL,07/08/2002,221-305-0141 ,bhanniford@beemail.com,0,1648,W 79TH ST,,,CHICAGO,IL,60620,41.75056,-87.66539,P00007UWOVRL,2081,MAGNOLIA LN,,,HIGHLAND PARK,IL,60035,42.155277,-87.81929,-87.81929
HK75384,HWB1910,UV1284533,A-2018-VC280,1,,3,255525.6,00:00.0,00:00.0,0,1,41.96457585,-87.74287565,2780,0,HWB1910,24/06/2017,24/06/2018,2007,Nissan,Pathfinder,WIVB188,Med Red,254364,0,Augusta,Cheathem,F,22/08/1980,306-06-7315,A117-6082-5310,01/07/2019,IL,13/01/2000,237-615-0723 ,acheathem@yahoot.com,0,3416,N BELL AVE,,,CHICAGO,IL,60618,41.943743,-87.684878,P00007UWONVR,16520,CRAIG DR,,,OAK FOREST,IL,60452,41.590796,-87.727183,-87.727183
KG46105,IYO5987,ZT3653138,A-2016-WW107,3,,3,262087.5,00:00.0,00:00.0,1,1,41.69954742,-87.64275192,2480,0,IYO5987,26/09/2015,25/09/2016,2004,Dodge,Ram,OVOS293,Black,251424,0,Paige,Mcleroy,F,22/04/1972,739-64-7587,B394-4024-6311,28/06/2020,IL,09/08/2016,723-583-0068 ,pmcleroy@outloop.com,0,1636,W MELROSE ST,APT,105,CHICAGO,IL,60657,41.940816,-87.670164,P00007UUXY5M,2645,S HILLOCK AVE,,,CHICAGO,IL,60608,41.844692,-87.657224,-87.657224
BC81148,TYI3593,TV1098462,A-2018-JD560,5,,3,356670.1,00:00.0,00:00.0,0,1,41.72258206,-87.57504199,1173,0,TYI3593,18/07/2017,18/07/2018,2001,Honda,Pilot,LWTV169,Silver,348132,0,Silvia,Camey,F,17/03/1958,464-84-2765,P947-3249-2285,28/06/2020,IL,08/08/2014,238-221-0831 ,scamey@outloop.com,0,501,S OAKLEY AVE,,,CHICAGO,IL,60612,41.87484,-87.68341,P00007UWNYEK,902,E WILDWOOD DR,,,PROSPECT HEIGHTS,IL,60070,42.114901,-87.938928,-87.938928
DB54325,YDC9744,RW8719560,A-2017-TQ395,1,,1,248401.6,00:00.0,00:00.0,0,1,41.73153777,-87.58567864,21920,1,YDC9744,21/05/2016,21/05/2017,2006,Chrysler,300,FOHT388,Light Brown,242628,0,Lavonne,Mest,F,23/03/1969,639-95-1132,A309-3885-6676,03/03/2019,IL,26/08/2003,749-903-0705 ,lmest@gmxx.com,0,2013,W RANDOLPH ST,,,CHICAGO,IL,60612,41.88449,-87.677545,P00007UUDRWH,2708,MARINER CT,,,LYNWOOD,IL,60411,41.53896,-87.550718,-87.550718
FB97223,LKE7989,PP2891277,A-2018-YJ218,3,,1,247662.7,00:00.0,00:00.0,1,2,41.89713934,-87.7361474,33080,1,LKE7989,16/01/2017,16/01/2018,2007,Mazda,CX-5,MZVJ362,Black,237732,0,Wilson,Chavis,M,18/07/1975,121-99-0480,U470-5050-8688,21/05/2019,IL,10/08/2007,265-357-0603 ,wchavis@mooosend.com,0,540,EXECUTIVE DR,,,WILLOWBROOK,IL,60527,41.750256,-87.936673,P00007UU5C1Q,805,CESSNA CT,,,NEW LENOX,IL,60451,41.506734,-87.98087,-87.98087
FF78473,JTG5046,VU5501162,A-2017-CI379,4,,3,201218.5,00:00.0,00:00.0,0,1,41.73600895,-87.65571261,1510,0,JTG5046,13/05/2016,13/05/2017,2008,Toyota,Tacoma,BNBL630,White,198636,0,Sonny,Coppolo,M,03/04/1988,444-75-5931,I155-5409-6335,04/10/2021,IL,27/08/2016,265-314-0571 ,scoppolo@yahoot.com,0,3890,NORTHPOINT BLVD,,,WAUKEGAN,IL,60085,42.346514,-87.897599,P00007UT8Z59,844,NOEL DR,,,MUNDELEIN,IL,60060,42.264717,-87.990088,-87.990088
DH59066,VVM4056,VX5016451,A-2018-AK442,2,,1,77539.8,00:00.0,00:00.0,1,1,41.9471065,-87.68811976,35920,1,VVM4056,05/04/2017,05/04/2018,2015,GMC,Sierra,YICG726,Silver,66900,0,Benita,Pasalo,F,01/08/1988,756-34-3050,C843-3935-5491,12/06/2018,IL,22/04/2008,230-281-0130 ,bpasalo@zohoo.com,0,151,S ALBANY AVE,APT,3,CHICAGO,IL,60612,41.878199,-87.703294,P00007UWNVW7,11655,S KEDZIE AVE,,,MERRIONETTE PARK,IL,60803,41.680733,-87.700023,-87.700023
KG24084,KJB7332,VV3512076,A-2018-RQ481,5,,1,414306.8,00:00.0,00:00.0,0,1,41.9140602,-87.74602773,20230,1,KJB7332,22/04/2017,22/04/2018,2000,Audi,Q5,UACM064,White,400860,0,Jere,Severyn,M,31/05/1944,305-52-4981,N441-2416-3252,05/02/2021,IL,13/06/2004,247-426-0708 ,jseveryn@mmail.com,0,2435,N SHEFFIELD AVE,APT,3,CHICAGO,IL,60614,41.926606,-87.653326,P00007UUF3J9,290,N WESTGATE RD,APT,301,MOUNT PROSPECT,IL,60056,42.071476,-87.918318,-87.918318
LM65123,GDD4857,QS9761555,A-2016-NH551,2,,3,149077.6,00:00.0,00:00.0,0,1,41.88579694,-87.64570081,2170,0,GDD4857,14/10/2015,13/10/2016,2010,GMC,Acadia,KRIR350,Med Dk Blue,136728,0,Wilford,Peets,M,16/05/1971,291-58-8054,J150-5830-9359,09/10/2019,IL,25/09/2017,221-818-0906 ,wpeets@mooosend.com,0,930,DONOHO AVE,,,BEECHER,IL,60401,41.348922,-87.612759,P00007UW5H63,3439,VOLLMER RD,UNIT,208,FLOSSMOOR,IL,60422,41.528524,-87.700543,-87.700543
BB27788,SGU2312,WS1519983,A-2016-EF136,5,,1,325260.6,00:00.0,00:00.0,0,1,41.8912077,-87.64893961,34200,1,SGU2312,08/02/2015,08/02/2016,2000,Dodge,Grand Caravan,VTFI995,Silver,313728,0,Edgar,Decaire,M,25/02/1964,438-65-0793,L663-7469-3623,10/05/2021,IL,14/07/2017,324-510-0600 ,edecaire@fasstmail.com,0,727,W 129TH PL,,,CHICAGO,IL,60628,41.658108,-87.639923,P00007UUM8B5,464,MEADOWLARK DR,,,BOLINGBROOK,IL,60440,41.685679,-88.085579,-88.085579
JB33981,JAG1187,UT3981430,A-2016-HO697,1,,3,34151.1,00:00.0,00:00.0,0,1,41.87195364,-87.76334923,2277,0,JAG1187,04/10/2015,03/10/2016,2013,Chevrolet,Silverado,BIZM948,Light Brown,32148,1,Irvin,Trouba,M,29/04/1989,282-24-3163,Y673-7837-8504,19/10/2018,IL,15/06/2006,748-916-0791 ,itrouba@inboux.com,0,7609,S SAINT LAWRENCE AVE,,,CHICAGO,IL,60619,41.756342,-87.609852,P00007UUID70,330,N CLINTON ST,APT,302,CHICAGO,IL,60661,41.887787,-87.641785,-87.641785
AD49282,QVM1911,YT2430777,A-2018-PS683,1,,3,349263.8,00:00.0,00:00.0,0,1,41.90080611,-87.61972396,2850,0,QVM1911,02/11/2017,02/11/2018,2000,Dodge,Ram,VAUG291,Med Red,339120,0,Tracey,Jermany,M,02/10/1985,535-40-2316,D186-7740-8351,19/11/2018,IL,06/06/2000,748-247-0191 ,tjermany@mailjeep.com,0,1835,HIGH GROVE LN,,,NAPERVILLE,IL,60540,41.777975,-88.201058,P00007UWDEJ8,1020,N PARKSIDE AVE,,,CHICAGO,IL,60651,41.899152,-87.76711,-87.76711
MB74980,HEX2175,NR5020416,A-2016-IT228,1,,3,58439.6,00:00.0,00:00.0,0,1,41.81674857,-87.61646799,1550,0,HEX2175,10/01/2015,10/01/2016,2013,Dodge,Ram,IJKJ987,Med Red,54072,0,Tanya,Jurden,F,11/07/2001,602-64-5352,Z646-1639-4271,24/03/2018,IL,15/02/2004,836-550-0297 ,tjurden@gmxx.com,0,29154,N WADE ST,,,WAUCONDA,IL,60084,42.286417,-88.126696,P00007UWJB34,571,S ELMWOOD AVE,,,WAUKEGAN,IL,60085,42.349359,-87.853768,-87.853768
MH92279,YOD8364,WW4653707,A-2017-QW162,2,,3,70700.8,00:00.0,00:00.0,0,1,41.72984108,-87.60480693,1450,0,YOD8364,05/09/2016,05/09/2017,2014,Ford,F-150,ZQJT789,Silver,55728,0,Rosita,Cardona,F,06/11/1993,030-14-5543,N837-8064-1103,03/07/2018,IL,05/10/2014,823-982-0183 ,rcardona@mailjeep.com,0,5611,W DIVISION ST,,,CHICAGO,IL,60651,41.901899,-87.766143,P00007UUVIN0,320,PARK DR,,,NORTHBROOK,IL,60062,42.12729,-87.78808,-87.78808
HJ68194,XZY2844,TZ9092867,A-2017-NP425,1,,1,63610.2,00:00.0,00:00.0,0,1,41.86347978,-87.68928558,31450,1,XZY2844,20/03/2017,20/03/2018,2015,Jeep,Wrangler,RFXR430,Silver,57456,0,Dion,Pimento,M,11/01/1956,458-72-9685,R761-5910-2561,23/07/2018,IL,15/05/2003,261-657-0953 ,dpimento@fasstmail.com,0,7922,W ELMGROVE DR,,,ELMWOOD PARK,IL,60707,41.933629,-87.824828,P00007UUZCTF,5725,ROSE CT,,,BERKELEY,IL,60163,41.882753,-87.911883,-87.911883
LL33654,TGA1173,VT5542027,A-2016-JS377,2,,1,371183.8,00:00.0,00:00.0,1,5,41.84714751,-87.64633938,13100,1,TGA1173,03/10/2015,02/10/2016,1998,Ford,F-150,JVXZ499,Black,370656,0,Clarence,Ziola,M,18/12/1974,472-59-7205,G183-2201-3815,24/07/2019,IL,23/03/2017,840-574-0215 ,cziola@gmxx.com,0,1012,S 4TH AVE,,,MAYWOOD,IL,60153,41.87855,-87.837847,P00007UWJWOD,22,PARK LN,UNIT,517,PARK RIDGE,IL,60068,42.013848,-87.859507,-87.859507
EH38308,AQE1236,QV0727891,A-2016-CP968,2,,3,67792.3,00:00.0,00:00.0,0,1,41.81679293,-87.59494802,1490,0,AQE1236,01/02/2015,01/02/2016,2013,Dodge,Grand Caravan,CAJK640,Black,61488,0,Aldo,Grauso,M,12/12/1946,055-14-4900,Y391-6319-4299,05/07/2020,IL,16/10/2005,245-911-0869 ,agrauso@zohoo.com,1,4554,CLYDE AVE,,,LYONS,IL,60534,41.807209,-87.828186,P00007UWMERL,329,LOCKWOOD AVE,,,NORTHFIELD,IL,60093,42.100259,-87.763287,-87.763287
KH30531,PWW8014,PU3271539,A-2017-HT680,3,,3,444121.7,00:00.0,00:00.0,1,1,41.87409237,-87.66647809,1110,0,PWW8014,25/04/2016,25/04/2017,1995,Ford,Mustang,OKNB982,Silver,436392,0,Theodora,Feuquay,F,22/12/1988,015-17-7578,H742-5490-5580,20/09/2021,IL,16/01/2010,738-369-0103 ,tfeuquay@husshmail.com,0,1924,W DIVISION ST,,,CHICAGO,IL,60622,41.903434,-87.675868,P00007UWELJT,4719,W LAWRENCE AVE,,,CHICAGO,IL,60630,41.967816,-87.746153,-87.746153
ML60099,COU4904,WS4386340,A-2018-OF511,2,,1,76181.7,00:00.0,00:00.0,1,1,41.92512769,-87.66204067,19676.5,1,COU4904,25/03/2017,25/03/2018,2015,Ford,Expedition,YDKO913,Silver,66324,0,John,Prusko,F,05/02/1945,875-66-1378,Z934-5918-8748,18/08/2021,IL,08/02/2005,237-850-0931 ,jprusko@outloop.com,0,32455,N IL ROUTE 21,,,LIBERTYVILLE,IL,60048,42.33388,-87.945248,P00007UWIS53,272,W PRAIRIE LN,,,ROUND LAKE,IL,60073,42.345857,-88.089263,-88.089263
MK83768,HRN8373,UR0452238,A-2016-JJ651,4,,1,346425.5,00:00.0,00:00.0,0,1,41.77965209,-87.65942423,24713.5,1,HRN8373,25/08/2015,24/08/2016,1998,Kia,Sorento,PPED277,Silver,344520,0,Lena,Salony,F,11/08/1967,850-22-1955,W650-3943-3559,06/09/2018,IL,17/11/2000,750-314-0075 ,lsalony@mooosend.com,1,326,S MAIN ST,,,WHEATON,IL,60187,41.862287,-88.106844,P00007UTLRHU,3621,S LOWE AVE,,,CHICAGO,IL,60609,41.828329,-87.642084,-87.642084
LE14930,VEC6774,UP8480383,A-2017-VZ267,2,,3,174227.7,00:00.0,00:00.0,0,3,41.84665185,-87.64791126,2150,0,VEC6774,04/10/2016,04/10/2017,2010,Chrysler,Pacifica,EKZC266,Light Brown,161700,0,Will,Carmicle,M,16/11/1973,588-70-8948,N618-2416-5091,09/10/2018,IL,06/03/2013,836-567-0706 ,wcarmicle@life.com,0,3855,W CONGRESS PKWY,,,CHICAGO,IL,60624,41.874181,-87.722791,P00007UWPE8Y,2316,BLUEBIRD LN,,,ROLLING MEADOWS,IL,60008,42.085105,-88.012505,-88.012505
KA93396,HRI8668,YR9205425,A-2018-ZQ873,2,,3,148301.5,00:00.0,00:00.0,0,1,41.78487905,-87.69491794,2000,0,HRI8668,13/08/2017,13/08/2018,2012,Kia,Forte,JJTK085,White,138312,0,Angelita,Ieraci,F,29/10/1963,848-09-5835,C415-1927-6398,28/05/2020,IL,20/06/2004,241-939-0793 ,aieraci@mailjeep.com,0,1644,W 95TH ST,,,CHICAGO,IL,60643,41.721606,-87.664384,P00007UUSKV7,13157,S FORRESTVILLE AVE,,,CHICAGO,IL,60827,41.655742,-87.608233,-87.608233
KJ47756,RZH5190,OT1788750,A-2017-JF585,3,,3,199855.1,00:00.0,00:00.0,0,2,41.96134343,-87.69835838,1630,0,RZH5190,12/04/2016,12/04/2017,2007,Dodge,Ram,XMGY447,Black,187572,0,Federico,Hauptman,M,27/10/1977,247-11-8534,Z805-8393-6851,17/05/2021,IL,02/04/2014,357-223-0801 ,fhauptman@beemail.com,0,5067,N LINCOLN AVE,APT,404,CHICAGO,IL,60625,41.973717,-87.691415,P00007UUKXQX,907,CURTISS ST,APT,106,DOWNERS GROVE,IL,60515,41.793893,-88.00667,-88.00667
AF63724,BWX6731,SQ9493725,A-2018-US500,1,,3,234182.9,00:00.0,00:00.0,0,1,41.88222375,-87.75809921,1330,0,BWX6731,16/10/2017,16/10/2018,2006,Honda,Civic,DATS775,Light Brown,225132,0,Clarence,Slovacek,M,26/09/1990,794-04-3022,D569-4982-6736,29/03/2020,IL,26/05/1999,735-234-0772 ,cslovacek@lightemail.com,0,8217,S TALMAN AVE,,,CHICAGO,IL,60652,41.744013,-87.688476,P00007UUVPOL,4346,W 63RD ST,,,CHICAGO,IL,60629,41.778832,-87.732019,-87.732019
LI96265,BDP9984,NS5037260,A-2018-GU639,3,,3,142857.4,00:00.0,00:00.0,0,2,41.83105838,-87.61678193,1170,0,BDP9984,07/07/2017,07/07/2018,2012,Mercedes,GLC,HHRI867,White,138252,0,Wilmer,Pitkin,M,05/10/1979,483-99-9543,B705-9907-2526,16/01/2018,IL,16/06/2007,349-241-0184 ,wpitkin@mmail.com,0,1337,W 89TH ST,,,CHICAGO,IL,60620,41.732537,-87.657132,P00007UWOVAK,1120,MANCHESTER CT,,,NAPERVILLE,IL,60563,41.790026,-88.190081,-88.190081
EI77277,ZPD1073,SW0966653,A-2017-VM328,4,,1,74820.6,00:00.0,00:00.0,1,3,41.93506582,-87.71742429,16480,1,ZPD1073,03/03/2016,03/03/2017,2013,Chevrolet,Malibu,VKOZ537,Black,73644,0,Bettie,Macwan,F,05/09/1939,651-61-8370,M358-3959-1582,19/11/2020,IL,17/02/2014,729-788-0179 ,bmacwan@zohoo.com,0,1520,OTTO BLVD,,,CHICAGO HEIGHTS,IL,60411,41.502997,-87.637128,P00007UWKZCX,203,W 146TH ST,,,DOLTON,IL,60419,41.629632,-87.626999,-87.626999
EK11138,PAN7318,SX7857810,A-2017-DR546,5,,1,126227,00:00.0,00:00.0,1,1,41.92027338,-87.78031813,30230,1,PAN7318,11/04/2016,11/04/2017,2012,Ford,Explorer,SHHQ003,Silver,117348,0,Ivory,Kutty,M,21/12/1970,383-13-1409,D560-2086-2757,30/04/2020,IL,04/09/2015,258-496-0421 ,ikutty@outloop.com,0,1306,N MASON AVE,,,CHICAGO,IL,60651,41.904147,-87.774555,P00007UUV90U,18,MIDDLEBURY LN,,,LINCOLNSHIRE,IL,60069,42.180433,-87.903754,-87.903754
AL26048,GCU7030,XO5492924,A-2018-FD735,1,,3,66583.4,00:00.0,00:00.0,1,1,41.89089442,-87.62019212,2090,0,GCU7030,27/01/2017,27/01/2018,2015,Nissan,Frontier,RYRN470,Light Brown,57252,0,Leonel,Schaefers,M,20/11/1987,515-24-8279,O873-3639-9742,11/02/2021,IL,23/01/2006,348-559-0385 ,lschaefers@inboux.com,0,20,ANDREW LN,,,HAWTHORN WOODS,IL,60047,42.238836,-88.058037,P00007UW4R3N,341,S POPLAR AVE,,,ELMHURST,IL,60126,41.89063,-87.929941,-87.929941
AC90741,WSW2851,WP4076143,A-2017-BN974,1,,3,165993.5,00:00.0,00:00.0,1,1,41.99767708,-87.69924898,1320,0,WSW2851,19/10/2016,19/10/2017,2000,Chevrolet,Cruze,BCCC390,Med Red,159018,1,Harley,Drymon,M,28/03/1950,822-82-2620,I555-6902-7583,04/08/2019,IL,22/06/2000,342-777-0642 ,hdrymon@zohoo.com,0,5244,W FERDINAND ST,,,CHICAGO,IL,60644,41.889214,-87.757166,P00007UWQVZF,2554,DICKENS DR,,,AURORA,IL,60503,41.700175,-88.251304,-88.251304
JB66405,BIT9059,XY0567145,A-2018-HW937,3,,1,251135.4,00:00.0,00:00.0,1,5,41.90809991,-87.63476376,41320,1,BIT9059,02/01/2017,02/01/2018,2005,Toyota,Corolla,IBGM439,Black,240588,0,Aaron,Deantonio,M,18/05/2000,608-93-4002,X194-7227-7326,29/07/2018,IL,16/07/2002,750-266-0359 ,adeantonio@mmail.com,0,440,SANDPIPER CT,APT,A,AURORA,IL,60504,41.759649,-88.226218,P00007UU210Y,4124,N MONITOR AVE,,,CHICAGO,IL,60634,41.955718,-87.773544,-87.773544
EE84567,MOX3439,OO7894942,A-2018-VH845,3,,1,240903.7,00:00.0,00:00.0,0,2,41.77775486,-87.65066077,31740,1,MOX3439,15/08/2017,15/08/2018,2007,Jeep,Cherokee,ZQXG987,Med Dk Blue,236016,0,Irving,Leveque,M,20/07/1945,518-59-2263,I339-9649-9079,18/04/2018,IL,20/11/2001,350-917-0857 ,ileveque@yahoot.com,0,552,S WASHINGTON ST,,,NAPERVILLE,IL,60540,41.76838,-88.147345,P00007UWDE8R,2860,GARDEN DR,,,LISLE,IL,60532,41.764215,-88.107085,-88.107085
CB53549,RUC2715,YV4334607,A-2017-IM693,5,,1,434497.7,00:00.0,00:00.0,1,1,41.90359031,-87.65921321,33400,1,RUC2715,11/09/2016,11/09/2017,1998,Chrysler,Pacifica,MJHG499,Light Brown,425172,0,Sue,Stansill,F,19/04/1989,669-44-2891,C898-5025-6309,20/05/2021,IL,08/07/2003,739-936-0966 ,sstansill@yahoot.com,0,3825,N PINE GROVE AVE,APT,210,CHICAGO,IL,60613,41.952437,-87.647545,P00007UUE32X,2743,N RUTHERFORD AVE,,,CHICAGO,IL,60707,41.930334,-87.793869,-87.793869
LJ89696,YTB3110,VN0725150,A-2017-TT710,3,,1,364482.8,00:00.0,00:00.0,1,1,41.88411405,-87.61476242,30080,1,YTB3110,04/10/2016,04/10/2017,2002,Chevrolet,Camaro,MDQP294,Black,357480,0,Agustin,Henn,M,17/05/1987,592-41-2593,O974-6383-1011,31/08/2021,IL,07/08/2005,750-751-0640 ,ahenn@life.com,1,6933,S INDIANA AVE,,,CHICAGO,IL,60637,41.768215,-87.619797,P00007UWFDW1,2623,N MCVICKER AVE,,,CHICAGO,IL,60639,41.9282,-87.776714,-87.776714
HI09591,MAL6234,TZ4837583,A-2017-HS817,4,,3,69086.7,00:00.0,00:00.0,1,1,41.97240949,-87.75397937,2460,0,MAL6234,19/02/2016,18/02/2017,2014,Mercedes,E class,URMF865,White,59616,0,Bob,Kaplin,M,21/05/1942,263-48-9011,A382-8390-2063,11/09/2019,IL,03/10/2009,735-928-0150 ,bkaplin@ggmail.com,1,2901,N HALSTED ST,APT,P-5,CHICAGO,IL,60657,41.934639,-87.648695,P00007UWRPPS,3711,N ODELL AVE,,,CHICAGO,IL,60634,41.947125,-87.810356,-87.810356
JI11006,TNG4549,YV8589564,A-2018-QU148,5,,1,79847.5,00:00.0,00:00.0,0,1,41.88993991,-87.6341743,14770,1,VDN7251,18/06/2017,18/06/2018,2014,Ford,Mustang,JCSA132,Silver,75660,0,Taylor,Sporre,F,22/01/1939,642-53-1504,K644-7705-8642,28/08/2019,IL,20/04/2003,241-528-0744 ,tsporre@lightemail.com,0,1140,31ST ST,,,DOWNERS GROVE,IL,60515,41.829968,-88.01511,P00007UU3R0Y,1093,NORWALK RD,,,LEMONT,IL,60439,41.660983,-87.988125,-87.988125
BC81640,WAU8340,ZU0377459,A-2018-NH957,4,,3,113022.1,00:00.0,00:00.0,1,1,41.83359679,-87.72413311,1780,0,WAU8340,15/08/2017,15/08/2018,2013,Ford,Fusion,AGFX127,Med Dk Blue,100980,0,Marylou,Pinke,F,20/03/1995,667-36-6501,A337-8395-4871,30/04/2018,IL,01/10/2007,265-216-0666 ,mpinke@life.com,0,1839,OVERVIEW CIR,,,ANTIOCH,IL,60002,42.452698,-88.034959,P00007UW4HI9,805,RED BRIDGE RD,,,LAKE ZURICH,IL,60047,42.18418,-88.076994,-88.076994
FB38129,YTH9316,TO3603995,A-2018-TY405,4,,3,76872.2,00:00.0,00:00.0,0,1,41.74429685,-87.58522947,1820,0,GZN1936,10/02/2017,10/02/2018,2015,Chevrolet,Silverado,ISVV607,White,65760,0,Elvia,Taraba,F,23/11/1988,368-20-4958,V453-7570-7666,18/06/2021,IL,05/08/2008,739-861-0293 ,etaraba@zohoo.com,0,6353,N WINTHROP AVE,,,CHICAGO,IL,60660,41.997984,-87.658042,P00007UWRTCS,12231,FAIRWAY CIR,UNIT,C,BLUE ISLAND,IL,60406,41.671695,-87.690408,-87.690408
KJ36556,NVN5105,PX4451208,A-2018-IY687,3,,1,219131.7,00:00.0,00:00.0,1,1,41.76400271,-87.71489464,24750,1,NVN5105,07/05/2017,07/05/2018,2007,Nissan,Sentra,XEMT297,Silver,217608,0,Maurine,Watton,F,16/11/1998,779-14-1059,U338-3628-7897,02/11/2020,IL,10/11/2008,826-320-0557 ,mwatton@gmxx.com,0,4122,W ROSCOE ST,,,CHICAGO,IL,60641,41.943111,-87.730094,P00007UWQONV,4463,W SWALLOWTAIL DR,,,WAUKEGAN,IL,60085,42.338552,-87.911282,-87.911282
FK04763,FJY6274,RQ9379181,A-2017-KS500,5,,1,232789,00:00.0,00:00.0,0,1,41.88091068,-87.62550911,23960,1,QCN3933,13/03/2016,13/03/2017,2007,Toyota,Camry,CTEY337,White,230628,0,Janine,Rammacher,F,22/08/1999,547-94-4374,K536-9440-1607,21/04/2018,IL,09/09/2010,624-353-0415 ,jrammacher@husshmail.com,1,2930,N SHERIDAN RD,APT,1312,CHICAGO,IL,60657,41.935238,-87.639715,P00007UUX241,1379,S REGAN RD,,,NEW LENOX,IL,60451,41.534244,-87.948828,-87.948828
MB76425,ZUK2264,NS3447639,A-2017-RA334,2,,3,142498.4,00:00.0,00:00.0,0,1,41.76866087,-87.58787755,2410,0,ZUK2264,04/03/2016,04/03/2017,2011,Acura,RDX,EEXA907,Light Brown,136404,0,Alisha,Amoia,F,15/01/1979,095-68-5294,L299-8954-4540,14/01/2019,IL,26/07/2003,728-596-0336 ,aamoia@lightemail.com,0,499,W BOUGHTON RD,,,BOLINGBROOK,IL,60440,41.706975,-88.087427,P00007UTUHD4,9529,S AVENUE M,,,CHICAGO,IL,60617,41.72207,-87.537362,-87.537362
FB20888,EPZ3482,QV4734674,A-2016-CS572,3,,3,105292.9,00:00.0,00:00.0,0,1,41.86259342,-87.68577824,2840,0,EPZ3482,16/04/2015,15/04/2016,2011,Chrysler,Pacifica,AFCU408,Black,94980,0,Avery,Griewahn,M,15/02/1985,366-53-8977,E214-1381-6643,15/02/2021,IL,23/02/2016,723-923-0640 ,agriewahn@mailjeep.com,1,1770,PARK ST,,,NAPERVILLE,IL,60563,41.800923,-88.147851,P00007UWDHL6,4214,WENONAH AVE,,,STICKNEY,IL,60402,41.815246,-87.798922,-87.798922
CA35572,LAJ9394,TN6090606,A-2016-TL355,1,,1,167780.9,00:00.0,00:00.0,1,3,41.92365236,-87.63989337,20033,1,LAJ9394,03/10/2015,02/10/2016,2009,Toyota,Tacoma,CWSC569,Dark Red,155148,0,Augusta,Loete,F,31/03/1996,673-95-6851,B149-6318-1685,27/07/2020,IL,15/02/2015,738-395-0616 ,aloete@yahoot.com,0,6414,S LOWE AVE,,,CHICAGO,IL,60621,41.777555,-87.641106,P00007UWZSWQ,555,W CORNELIA AVE,APT,1906,CHICAGO,IL,60657,41.945785,-87.644058,-87.644058
BM24240,TIR1328,UX8041292,A-2016-YK373,1,,1,151474.3,00:00.0,00:00.0,1,1,41.88036512,-87.7633382,16760,1,TIR1328,10/02/2015,10/02/2016,2010,Hyundai,Sonata,PPNY636,Med Dk Blue,143856,0,Garfield,Bragger,M,04/03/1935,827-03-3069,K239-9338-2763,23/01/2019,IL,26/01/2010,258-296-0534 ,gbragger@mailjeep.com,0,3711,W 83RD PL,,,CHICAGO,IL,60652,41.74112,-87.714869,P00007UWRBPH,18320,ROBIN LN,APT,C1,HOMEWOOD,IL,60430,41.555506,-87.691308,-87.691308
,,,,,,,,,,,,,,,,,,,,,,,,,,,,,,,,,,,,,,,,,,,,,,,,,,,,,,,,,
,,,,,,,,,,,,,,,,,,,,,,,,,,,,,,,,,,,,,,,,,,,,,,,,,,,,,,,,,
,,,,,,,,,,,,,,,,,,,,,,,,,,,,,,,,,,,,,,,,,,,,,,,,,,,,,,,,,
,,,,,,,,,,,,,,,,,,,,,,,,,,,,,,,,,,,,,,,,,,,,,,,,,,,,,,,,,
,,,,,,,,,,,,,,,,,,,,,,,,,,,,,,,,,,,,,,,,,,,,,,,,,,,,,,,,,
,,,,,,,,,,,,,,,,,,,,,,,,,,,,,,,,,,,,,,,,,,,,,,,,,,,,,,,,,
,,,,,,,,,,,,,,,,,,,,,,,,,,,,,,,,,,,,,,,,,,,,,,,,,,,,,,,,,
,,,,,,,,,,,,,,,,,,,,,,,,,,,,,,,,,,,,,,,,,,,,,,,,,,,,,,,,,
,,,,,,,,,,,,,,,,,,,,,,,,,,,,,,,,,,,,,,,,,,,,,,,,,,,,,,,,,
,,,,,,,,,,,,,,,,,,,,,,,,,,,,,,,,,,,,,,,,,,,,,,,,,,,,,,,,,
,,,,,,,,,,,,,,,,,,,,,,,,,,,,,,,,,,,,,,,,,,,,,,,,,,,,,,,,,
,,,,,,,,,,,,,,,,,,,,,,,,,,,,,,,,,,,,,,,,,,,,,,,,,,,,,,,,,
,,,,,,,,,,,,,,,,,,,,,,,,,,,,,,,,,,,,,,,,,,,,,,,,,,,,,,,,,
,,,,,,,,,,,,,,,,,,,,,,,,,,,,,,,,,,,,,,,,,,,,,,,,,,,,,,,,,
,,,,,,,,,,,,,,,,,,,,,,,,,,,,,,,,,,,,,,,,,,,,,,,,,,,,,,,,,
,,,,,,,,,,,,,,,,,,,,,,,,,,,,,,,,,,,,,,,,,,,,,,,,,,,,,,,,,
,,,,,,,,,,,,,,,,,,,,,,,,,,,,,,,,,,,,,,,,,,,,,,,,,,,,,,,,,
,,,,,,,,,,,,,,,,,,,,,,,,,,,,,,,,,,,,,,,,,,,,,,,,,,,,,,,,,
,,,,,,,,,,,,,,,,,,,,,,,,,,,,,,,,,,,,,,,,,,,,,,,,,,,,,,,,,
,,,,,,,,,,,,,,,,,,,,,,,,,,,,,,,,,,,,,,,,,,,,,,,,,,,,,,,,,
,,,,,,,,,,,,,,,,,,,,,,,,,,,,,,,,,,,,,,,,,,,,,,,,,,,,,,,,,
,,,,,,,,,,,,,,,,,,,,,,,,,,,,,,,,,,,,,,,,,,,,,,,,,,,,,,,,,
,,,,,,,,,,,,,,,,,,,,,,,,,,,,,,,,,,,,,,,,,,,,,,,,,,,,,,,,,
,,,,,,,,,,,,,,,,,,,,,,,,,,,,,,,,,,,,,,,,,,,,,,,,,,,,,,,,,
,,,,,,,,,,,,,,,,,,,,,,,,,,,,,,,,,,,,,,,,,,,,,,,,,,,,,,,,,
,,,,,,,,,,,,,,,,,,,,,,,,,,,,,,,,,,,,,,,,,,,,,,,,,,,,,,,,,
,,,,,,,,,,,,,,,,,,,,,,,,,,,,,,,,,,,,,,,,,,,,,,,,,,,,,,,,,
,,,,,,,,,,,,,,,,,,,,,,,,,,,,,,,,,,,,,,,,,,,,,,,,,,,,,,,,,
,,,,,,,,,,,,,,,,,,,,,,,,,,,,,,,,,,,,,,,,,,,,,,,,,,,,,,,,,
,,,,,,,,,,,,,,,,,,,,,,,,,,,,,,,,,,,,,,,,,,,,,,,,,,,,,,,,,
,,,,,,,,,,,,,,,,,,,,,,,,,,,,,,,,,,,,,,,,,,,,,,,,,,,,,,,,,
,,,,,,,,,,,,,,,,,,,,,,,,,,,,,,,,,,,,,,,,,,,,,,,,,,,,,,,,,
,,,,,,,,,,,,,,,,,,,,,,,,,,,,,,,,,,,,,,,,,,,,,,,,,,,,,,,,,
,,,,,,,,,,,,,,,,,,,,,,,,,,,,,,,,,,,,,,,,,,,,,,,,,,,,,,,,,
,,,,,,,,,,,,,,,,,,,,,,,,,,,,,,,,,,,,,,,,,,,,,,,,,,,,,,,,,
,,,,,,,,,,,,,,,,,,,,,,,,,,,,,,,,,,,,,,,,,,,,,,,,,,,,,,,,,
,,,,,,,,,,,,,,,,,,,,,,,,,,,,,,,,,,,,,,,,,,,,,,,,,,,,,,,,,
,,,,,,,,,,,,,,,,,,,,,,,,,,,,,,,,,,,,,,,,,,,,,,,,,,,,,,,,,
,,,,,,,,,,,,,,,,,,,,,,,,,,,,,,,,,,,,,,,,,,,,,,,,,,,,,,,,,
,,,,,,,,,,,,,,,,,,,,,,,,,,,,,,,,,,,,,,,,,,,,,,,,,,,,,,,,,
,,,,,,,,,,,,,,,,,,,,,,,,,,,,,,,,,,,,,,,,,,,,,,,,,,,,,,,,,
,,,,,,,,,,,,,,,,,,,,,,,,,,,,,,,,,,,,,,,,,,,,,,,,,,,,,,,,,
,,,,,,,,,,,,,,,,,,,,,,,,,,,,,,,,,,,,,,,,,,,,,,,,,,,,,,,,,
,,,,,,,,,,,,,,,,,,,,,,,,,,,,,,,,,,,,,,,,,,,,,,,,,,,,,,,,,
,,,,,,,,,,,,,,,,,,,,,,,,,,,,,,,,,,,,,,,,,,,,,,,,,,,,,,,,,
,,,,,,,,,,,,,,,,,,,,,,,,,,,,,,,,,,,,,,,,,,,,,,,,,,,,,,,,,
,,,,,,,,,,,,,,,,,,,,,,,,,,,,,,,,,,,,,,,,,,,,,,,,,,,,,,,,,
,,,,,,,,,,,,,,,,,,,,,,,,,,,,,,,,,,,,,,,,,,,,,,,,,,,,,,,,,
,,,,,,,,,,,,,,,,,,,,,,,,,,,,,,,,,,,,,,,,,,,,,,,,,,,,,,,,,
,,,,,,,,,,,,,,,,,,,,,,,,,,,,,,,,,,,,,,,,,,,,,,,,,,,,,,,,,
,,,,,,,,,,,,,,,,,,,,,,,,,,,,,,,,,,,,,,,,,,,,,,,,,,,,,,,,,
,,,,,,,,,,,,,,,,,,,,,,,,,,,,,,,,,,,,,,,,,,,,,,,,,,,,,,,,,
,,,,,,,,,,,,,,,,,,,,,,,,,,,,,,,,,,,,,,,,,,,,,,,,,,,,,,,,,
,,,,,,,,,,,,,,,,,,,,,,,,,,,,,,,,,,,,,,,,,,,,,,,,,,,,,,,,,
,,,,,,,,,,,,,,,,,,,,,,,,,,,,,,,,,,,,,,,,,,,,,,,,,,,,,,,,,
,,,,,,,,,,,,,,,,,,,,,,,,,,,,,,,,,,,,,,,,,,,,,,,,,,,,,,,,,
,,,,,,,,,,,,,,,,,,,,,,,,,,,,,,,,,,,,,,,,,,,,,,,,,,,,,,,,,
,,,,,,,,,,,,,,,,,,,,,,,,,,,,,,,,,,,,,,,,,,,,,,,,,,,,,,,,,
,,,,,,,,,,,,,,,,,,,,,,,,,,,,,,,,,,,,,,,,,,,,,,,,,,,,,,,,,
,,,,,,,,,,,,,,,,,,,,,,,,,,,,,,,,,,,,,,,,,,,,,,,,,,,,,,,,,
,,,,,,,,,,,,,,,,,,,,,,,,,,,,,,,,,,,,,,,,,,,,,,,,,,,,,,,,,
,,,,,,,,,,,,,,,,,,,,,,,,,,,,,,,,,,,,,,,,,,,,,,,,,,,,,,,,,
,,,,,,,,,,,,,,,,,,,,,,,,,,,,,,,,,,,,,,,,,,,,,,,,,,,,,,,,,
,,,,,,,,,,,,,,,,,,,,,,,,,,,,,,,,,,,,,,,,,,,,,,,,,,,,,,,,,
,,,,,,,,,,,,,,,,,,,,,,,,,,,,,,,,,,,,,,,,,,,,,,,,,,,,,,,,,
,,,,,,,,,,,,,,,,,,,,,,,,,,,,,,,,,,,,,,,,,,,,,,,,,,,,,,,,,
,,,,,,,,,,,,,,,,,,,,,,,,,,,,,,,,,,,,,,,,,,,,,,,,,,,,,,,,,
,,,,,,,,,,,,,,,,,,,,,,,,,,,,,,,,,,,,,,,,,,,,,,,,,,,,,,,,,
,,,,,,,,,,,,,,,,,,,,,,,,,,,,,,,,,,,,,,,,,,,,,,,,,,,,,,,,,
,,,,,,,,,,,,,,,,,,,,,,,,,,,,,,,,,,,,,,,,,,,,,,,,,,,,,,,,,
,,,,,,,,,,,,,,,,,,,,,,,,,,,,,,,,,,,,,,,,,,,,,,,,,,,,,,,,,
,,,,,,,,,,,,,,,,,,,,,,,,,,,,,,,,,,,,,,,,,,,,,,,,,,,,,,,,,
,,,,,,,,,,,,,,,,,,,,,,,,,,,,,,,,,,,,,,,,,,,,,,,,,,,,,,,,,
,,,,,,,,,,,,,,,,,,,,,,,,,,,,,,,,,,,,,,,,,,,,,,,,,,,,,,,,,
,,,,,,,,,,,,,,,,,,,,,,,,,,,,,,,,,,,,,,,,,,,,,,,,,,,,,,,,,
,,,,,,,,,,,,,,,,,,,,,,,,,,,,,,,,,,,,,,,,,,,,,,,,,,,,,,,,,
,,,,,,,,,,,,,,,,,,,,,,,,,,,,,,,,,,,,,,,,,,,,,,,,,,,,,,,,,
,,,,,,,,,,,,,,,,,,,,,,,,,,,,,,,,,,,,,,,,,,,,,,,,,,,,,,,,,
,,,,,,,,,,,,,,,,,,,,,,,,,,,,,,,,,,,,,,,,,,,,,,,,,,,,,,,,,
,,,,,,,,,,,,,,,,,,,,,,,,,,,,,,,,,,,,,,,,,,,,,,,,,,,,,,,,,
,,,,,,,,,,,,,,,,,,,,,,,,,,,,,,,,,,,,,,,,,,,,,,,,,,,,,,,,,
,,,,,,,,,,,,,,,,,,,,,,,,,,,,,,,,,,,,,,,,,,,,,,,,,,,,,,,,,
,,,,,,,,,,,,,,,,,,,,,,,,,,,,,,,,,,,,,,,,,,,,,,,,,,,,,,,,,
,,,,,,,,,,,,,,,,,,,,,,,,,,,,,,,,,,,,,,,,,,,,,,,,,,,,,,,,,
,,,,,,,,,,,,,,,,,,,,,,,,,,,,,,,,,,,,,,,,,,,,,,,,,,,,,,,,,
,,,,,,,,,,,,,,,,,,,,,,,,,,,,,,,,,,,,,,,,,,,,,,,,,,,,,,,,,
,,,,,,,,,,,,,,,,,,,,,,,,,,,,,,,,,,,,,,,,,,,,,,,,,,,,,,,,,
,,,,,,,,,,,,,,,,,,,,,,,,,,,,,,,,,,,,,,,,,,,,,,,,,,,,,,,,,
,,,,,,,,,,,,,,,,,,,,,,,,,,,,,,,,,,,,,,,,,,,,,,,,,,,,,,,,,
,,,,,,,,,,,,,,,,,,,,,,,,,,,,,,,,,,,,,,,,,,,,,,,,,,,,,,,,,
,,,,,,,,,,,,,,,,,,,,,,,,,,,,,,,,,,,,,,,,,,,,,,,,,,,,,,,,,
,,,,,,,,,,,,,,,,,,,,,,,,,,,,,,,,,,,,,,,,,,,,,,,,,,,,,,,,,
,,,,,,,,,,,,,,,,,,,,,,,,,,,,,,,,,,,,,,,,,,,,,,,,,,,,,,,,,
,,,,,,,,,,,,,,,,,,,,,,,,,,,,,,,,,,,,,,,,,,,,,,,,,,,,,,,,,
,,,,,,,,,,,,,,,,,,,,,,,,,,,,,,,,,,,,,,,,,,,,,,,,,,,,,,,,,
,,,,,,,,,,,,,,,,,,,,,,,,,,,,,,,,,,,,,,,,,,,,,,,,,,,,,,,,,
,,,,,,,,,,,,,,,,,,,,,,,,,,,,,,,,,,,,,,,,,,,,,,,,,,,,,,,,,
,,,,,,,,,,,,,,,,,,,,,,,,,,,,,,,,,,,,,,,,,,,,,,,,,,,,,,,,,
,,,,,,,,,,,,,,,,,,,,,,,,,,,,,,,,,,,,,,,,,,,,,,,,,,,,,,,,,
,,,,,,,,,,,,,,,,,,,,,,,,,,,,,,,,,,,,,,,,,,,,,,,,,,,,,,,,,
,,,,,,,,,,,,,,,,,,,,,,,,,,,,,,,,,,,,,,,,,,,,,,,,,,,,,,,,,
,,,,,,,,,,,,,,,,,,,,,,,,,,,,,,,,,,,,,,,,,,,,,,,,,,,,,,,,,
,,,,,,,,,,,,,,,,,,,,,,,,,,,,,,,,,,,,,,,,,,,,,,,,,,,,,,,,,
,,,,,,,,,,,,,,,,,,,,,,,,,,,,,,,,,,,,,,,,,,,,,,,,,,,,,,,,,
,,,,,,,,,,,,,,,,,,,,,,,,,,,,,,,,,,,,,,,,,,,,,,,,,,,,,,,,,
,,,,,,,,,,,,,,,,,,,,,,,,,,,,,,,,,,,,,,,,,,,,,,,,,,,,,,,,,
,,,,,,,,,,,,,,,,,,,,,,,,,,,,,,,,,,,,,,,,,,,,,,,,,,,,,,,,,
,,,,,,,,,,,,,,,,,,,,,,,,,,,,,,,,,,,,,,,,,,,,,,,,,,,,,,,,,
,,,,,,,,,,,,,,,,,,,,,,,,,,,,,,,,,,,,,,,,,,,,,,,,,,,,,,,,,
,,,,,,,,,,,,,,,,,,,,,,,,,,,,,,,,,,,,,,,,,,,,,,,,,,,,,,,,,
,,,,,,,,,,,,,,,,,,,,,,,,,,,,,,,,,,,,,,,,,,,,,,,,,,,,,,,,,
,,,,,,,,,,,,,,,,,,,,,,,,,,,,,,,,,,,,,,,,,,,,,,,,,,,,,,,,,
,,,,,,,,,,,,,,,,,,,,,,,,,,,,,,,,,,,,,,,,,,,,,,,,,,,,,,,,,
,,,,,,,,,,,,,,,,,,,,,,,,,,,,,,,,,,,,,,,,,,,,,,,,,,,,,,,,,
,,,,,,,,,,,,,,,,,,,,,,,,,,,,,,,,,,,,,,,,,,,,,,,,,,,,,,,,,
,,,,,,,,,,,,,,,,,,,,,,,,,,,,,,,,,,,,,,,,,,,,,,,,,,,,,,,,,
,,,,,,,,,,,,,,,,,,,,,,,,,,,,,,,,,,,,,,,,,,,,,,,,,,,,,,,,,
,,,,,,,,,,,,,,,,,,,,,,,,,,,,,,,,,,,,,,,,,,,,,,,,,,,,,,,,,
,,,,,,,,,,,,,,,,,,,,,,,,,,,,,,,,,,,,,,,,,,,,,,,,,,,,,,,,,
,,,,,,,,,,,,,,,,,,,,,,,,,,,,,,,,,,,,,,,,,,,,,,,,,,,,,,,,,
,,,,,,,,,,,,,,,,,,,,,,,,,,,,,,,,,,,,,,,,,,,,,,,,,,,,,,,,,
,,,,,,,,,,,,,,,,,,,,,,,,,,,,,,,,,,,,,,,,,,,,,,,,,,,,,,,,,
,,,,,,,,,,,,,,,,,,,,,,,,,,,,,,,,,,,,,,,,,,,,,,,,,,,,,,,,,
,,,,,,,,,,,,,,,,,,,,,,,,,,,,,,,,,,,,,,,,,,,,,,,,,,,,,,,,,
,,,,,,,,,,,,,,,,,,,,,,,,,,,,,,,,,,,,,,,,,,,,,,,,,,,,,,,,,
,,,,,,,,,,,,,,,,,,,,,,,,,,,,,,,,,,,,,,,,,,,,,,,,,,,,,,,,,
,,,,,,,,,,,,,,,,,,,,,,,,,,,,,,,,,,,,,,,,,,,,,,,,,,,,,,,,,
,,,,,,,,,,,,,,,,,,,,,,,,,,,,,,,,,,,,,,,,,,,,,,,,,,,,,,,,,
,,,,,,,,,,,,,,,,,,,,,,,,,,,,,,,,,,,,,,,,,,,,,,,,,,,,,,,,,
,,,,,,,,,,,,,,,,,,,,,,,,,,,,,,,,,,,,,,,,,,,,,,,,,,,,,,,,,
,,,,,,,,,,,,,,,,,,,,,,,,,,,,,,,,,,,,,,,,,,,,,,,,,,,,,,,,,
,,,,,,,,,,,,,,,,,,,,,,,,,,,,,,,,,,,,,,,,,,,,,,,,,,,,,,,,,
,,,,,,,,,,,,,,,,,,,,,,,,,,,,,,,,,,,,,,,,,,,,,,,,,,,,,,,,,
,,,,,,,,,,,,,,,,,,,,,,,,,,,,,,,,,,,,,,,,,,,,,,,,,,,,,,,,,
,,,,,,,,,,,,,,,,,,,,,,,,,,,,,,,,,,,,,,,,,,,,,,,,,,,,,,,,,
,,,,,,,,,,,,,,,,,,,,,,,,,,,,,,,,,,,,,,,,,,,,,,,,,,,,,,,,,
,,,,,,,,,,,,,,,,,,,,,,,,,,,,,,,,,,,,,,,,,,,,,,,,,,,,,,,,,
,,,,,,,,,,,,,,,,,,,,,,,,,,,,,,,,,,,,,,,,,,,,,,,,,,,,,,,,,
,,,,,,,,,,,,,,,,,,,,,,,,,,,,,,,,,,,,,,,,,,,,,,,,,,,,,,,,,
,,,,,,,,,,,,,,,,,,,,,,,,,,,,,,,,,,,,,,,,,,,,,,,,,,,,,,,,,
,,,,,,,,,,,,,,,,,,,,,,,,,,,,,,,,,,,,,,,,,,,,,,,,,,,,,,,,,
,,,,,,,,,,,,,,,,,,,,,,,,,,,,,,,,,,,,,,,,,,,,,,,,,,,,,,,,,
,,,,,,,,,,,,,,,,,,,,,,,,,,,,,,,,,,,,,,,,,,,,,,,,,,,,,,,,,
,,,,,,,,,,,,,,,,,,,,,,,,,,,,,,,,,,,,,,,,,,,,,,,,,,,,,,,,,
,,,,,,,,,,,,,,,,,,,,,,,,,,,,,,,,,,,,,,,,,,,,,,,,,,,,,,,,,
,,,,,,,,,,,,,,,,,,,,,,,,,,,,,,,,,,,,,,,,,,,,,,,,,,,,,,,,,
,,,,,,,,,,,,,,,,,,,,,,,,,,,,,,,,,,,,,,,,,,,,,,,,,,,,,,,,,
,,,,,,,,,,,,,,,,,,,,,,,,,,,,,,,,,,,,,,,,,,,,,,,,,,,,,,,,,
,,,,,,,,,,,,,,,,,,,,,,,,,,,,,,,,,,,,,,,,,,,,,,,,,,,,,,,,,
,,,,,,,,,,,,,,,,,,,,,,,,,,,,,,,,,,,,,,,,,,,,,,,,,,,,,,,,,
,,,,,,,,,,,,,,,,,,,,,,,,,,,,,,,,,,,,,,,,,,,,,,,,,,,,,,,,,
,,,,,,,,,,,,,,,,,,,,,,,,,,,,,,,,,,,,,,,,,,,,,,,,,,,,,,,,,
,,,,,,,,,,,,,,,,,,,,,,,,,,,,,,,,,,,,,,,,,,,,,,,,,,,,,,,,,
,,,,,,,,,,,,,,,,,,,,,,,,,,,,,,,,,,,,,,,,,,,,,,,,,,,,,,,,,
,,,,,,,,,,,,,,,,,,,,,,,,,,,,,,,,,,,,,,,,,,,,,,,,,,,,,,,,,
,,,,,,,,,,,,,,,,,,,,,,,,,,,,,,,,,,,,,,,,,,,,,,,,,,,,,,,,,
,,,,,,,,,,,,,,,,,,,,,,,,,,,,,,,,,,,,,,,,,,,,,,,,,,,,,,,,,
,,,,,,,,,,,,,,,,,,,,,,,,,,,,,,,,,,,,,,,,,,,,,,,,,,,,,,,,,
,,,,,,,,,,,,,,,,,,,,,,,,,,,,,,,,,,,,,,,,,,,,,,,,,,,,,,,,,
,,,,,,,,,,,,,,,,,,,,,,,,,,,,,,,,,,,,,,,,,,,,,,,,,,,,,,,,,
,,,,,,,,,,,,,,,,,,,,,,,,,,,,,,,,,,,,,,,,,,,,,,,,,,,,,,,,,
,,,,,,,,,,,,,,,,,,,,,,,,,,,,,,,,,,,,,,,,,,,,,,,,,,,,,,,,,
,,,,,,,,,,,,,,,,,,,,,,,,,,,,,,,,,,,,,,,,,,,,,,,,,,,,,,,,,
,,,,,,,,,,,,,,,,,,,,,,,,,,,,,,,,,,,,,,,,,,,,,,,,,,,,,,,,,
,,,,,,,,,,,,,,,,,,,,,,,,,,,,,,,,,,,,,,,,,,,,,,,,,,,,,,,,,
,,,,,,,,,,,,,,,,,,,,,,,,,,,,,,,,,,,,,,,,,,,,,,,,,,,,,,,,,
,,,,,,,,,,,,,,,,,,,,,,,,,,,,,,,,,,,,,,,,,,,,,,,,,,,,,,,,,
,,,,,,,,,,,,,,,,,,,,,,,,,,,,,,,,,,,,,,,,,,,,,,,,,,,,,,,,,
,,,,,,,,,,,,,,,,,,,,,,,,,,,,,,,,,,,,,,,,,,,,,,,,,,,,,,,,,
,,,,,,,,,,,,,,,,,,,,,,,,,,,,,,,,,,,,,,,,,,,,,,,,,,,,,,,,,
,,,,,,,,,,,,,,,,,,,,,,,,,,,,,,,,,,,,,,,,,,,,,,,,,,,,,,,,,
,,,,,,,,,,,,,,,,,,,,,,,,,,,,,,,,,,,,,,,,,,,,,,,,,,,,,,,,,
,,,,,,,,,,,,,,,,,,,,,,,,,,,,,,,,,,,,,,,,,,,,,,,,,,,,,,,,,
,,,,,,,,,,,,,,,,,,,,,,,,,,,,,,,,,,,,,,,,,,,,,,,,,,,,,,,,,
,,,,,,,,,,,,,,,,,,,,,,,,,,,,,,,,,,,,,,,,,,,,,,,,,,,,,,,,,
,,,,,,,,,,,,,,,,,,,,,,,,,,,,,,,,,,,,,,,,,,,,,,,,,,,,,,,,,
,,,,,,,,,,,,,,,,,,,,,,,,,,,,,,,,,,,,,,,,,,,,,,,,,,,,,,,,,
,,,,,,,,,,,,,,,,,,,,,,,,,,,,,,,,,,,,,,,,,,,,,,,,,,,,,,,,,
,,,,,,,,,,,,,,,,,,,,,,,,,,,,,,,,,,,,,,,,,,,,,,,,,,,,,,,,,
,,,,,,,,,,,,,,,,,,,,,,,,,,,,,,,,,,,,,,,,,,,,,,,,,,,,,,,,,
,,,,,,,,,,,,,,,,,,,,,,,,,,,,,,,,,,,,,,,,,,,,,,,,,,,,,,,,,
,,,,,,,,,,,,,,,,,,,,,,,,,,,,,,,,,,,,,,,,,,,,,,,,,,,,,,,,,
,,,,,,,,,,,,,,,,,,,,,,,,,,,,,,,,,,,,,,,,,,,,,,,,,,,,,,,,,
,,,,,,,,,,,,,,,,,,,,,,,,,,,,,,,,,,,,,,,,,,,,,,,,,,,,,,,,,
,,,,,,,,,,,,,,,,,,,,,,,,,,,,,,,,,,,,,,,,,,,,,,,,,,,,,,,,,
,,,,,,,,,,,,,,,,,,,,,,,,,,,,,,,,,,,,,,,,,,,,,,,,,,,,,,,,,
,,,,,,,,,,,,,,,,,,,,,,,,,,,,,,,,,,,,,,,,,,,,,,,,,,,,,,,,,
,,,,,,,,,,,,,,,,,,,,,,,,,,,,,,,,,,,,,,,,,,,,,,,,,,,,,,,,,
,,,,,,,,,,,,,,,,,,,,,,,,,,,,,,,,,,,,,,,,,,,,,,,,,,,,,,,,,
,,,,,,,,,,,,,,,,,,,,,,,,,,,,,,,,,,,,,,,,,,,,,,,,,,,,,,,,,
,,,,,,,,,,,,,,,,,,,,,,,,,,,,,,,,,,,,,,,,,,,,,,,,,,,,,,,,,
,,,,,,,,,,,,,,,,,,,,,,,,,,,,,,,,,,,,,,,,,,,,,,,,,,,,,,,,,
,,,,,,,,,,,,,,,,,,,,,,,,,,,,,,,,,,,,,,,,,,,,,,,,,,,,,,,,,
,,,,,,,,,,,,,,,,,,,,,,,,,,,,,,,,,,,,,,,,,,,,,,,,,,,,,,,,,
,,,,,,,,,,,,,,,,,,,,,,,,,,,,,,,,,,,,,,,,,,,,,,,,,,,,,,,,,
,,,,,,,,,,,,,,,,,,,,,,,,,,,,,,,,,,,,,,,,,,,,,,,,,,,,,,,,,
,,,,,,,,,,,,,,,,,,,,,,,,,,,,,,,,,,,,,,,,,,,,,,,,,,,,,,,,,
,,,,,,,,,,,,,,,,,,,,,,,,,,,,,,,,,,,,,,,,,,,,,,,,,,,,,,,,,
,,,,,,,,,,,,,,,,,,,,,,,,,,,,,,,,,,,,,,,,,,,,,,,,,,,,,,,,,
,,,,,,,,,,,,,,,,,,,,,,,,,,,,,,,,,,,,,,,,,,,,,,,,,,,,,,,,,
,,,,,,,,,,,,,,,,,,,,,,,,,,,,,,,,,,,,,,,,,,,,,,,,,,,,,,,,,
,,,,,,,,,,,,,,,,,,,,,,,,,,,,,,,,,,,,,,,,,,,,,,,,,,,,,,,,,
,,,,,,,,,,,,,,,,,,,,,,,,,,,,,,,,,,,,,,,,,,,,,,,,,,,,,,,,,
,,,,,,,,,,,,,,,,,,,,,,,,,,,,,,,,,,,,,,,,,,,,,,,,,,,,,,,,,
,,,,,,,,,,,,,,,,,,,,,,,,,,,,,,,,,,,,,,,,,,,,,,,,,,,,,,,,,
,,,,,,,,,,,,,,,,,,,,,,,,,,,,,,,,,,,,,,,,,,,,,,,,,,,,,,,,,
,,,,,,,,,,,,,,,,,,,,,,,,,,,,,,,,,,,,,,,,,,,,,,,,,,,,,,,,,
,,,,,,,,,,,,,,,,,,,,,,,,,,,,,,,,,,,,,,,,,,,,,,,,,,,,,,,,,
,,,,,,,,,,,,,,,,,,,,,,,,,,,,,,,,,,,,,,,,,,,,,,,,,,,,,,,,,
,,,,,,,,,,,,,,,,,,,,,,,,,,,,,,,,,,,,,,,,,,,,,,,,,,,,,,,,,
,,,,,,,,,,,,,,,,,,,,,,,,,,,,,,,,,,,,,,,,,,,,,,,,,,,,,,,,,
,,,,,,,,,,,,,,,,,,,,,,,,,,,,,,,,,,,,,,,,,,,,,,,,,,,,,,,,,
,,,,,,,,,,,,,,,,,,,,,,,,,,,,,,,,,,,,,,,,,,,,,,,,,,,,,,,,,
,,,,,,,,,,,,,,,,,,,,,,,,,,,,,,,,,,,,,,,,,,,,,,,,,,,,,,,,,
,,,,,,,,,,,,,,,,,,,,,,,,,,,,,,,,,,,,,,,,,,,,,,,,,,,,,,,,,
,,,,,,,,,,,,,,,,,,,,,,,,,,,,,,,,,,,,,,,,,,,,,,,,,,,,,,,,,
,,,,,,,,,,,,,,,,,,,,,,,,,,,,,,,,,,,,,,,,,,,,,,,,,,,,,,,,,
,,,,,,,,,,,,,,,,,,,,,,,,,,,,,,,,,,,,,,,,,,,,,,,,,,,,,,,,,
,,,,,,,,,,,,,,,,,,,,,,,,,,,,,,,,,,,,,,,,,,,,,,,,,,,,,,,,,
,,,,,,,,,,,,,,,,,,,,,,,,,,,,,,,,,,,,,,,,,,,,,,,,,,,,,,,,,
,,,,,,,,,,,,,,,,,,,,,,,,,,,,,,,,,,,,,,,,,,,,,,,,,,,,,,,,,
,,,,,,,,,,,,,,,,,,,,,,,,,,,,,,,,,,,,,,,,,,,,,,,,,,,,,,,,,
,,,,,,,,,,,,,,,,,,,,,,,,,,,,,,,,,,,,,,,,,,,,,,,,,,,,,,,,,
,,,,,,,,,,,,,,,,,,,,,,,,,,,,,,,,,,,,,,,,,,,,,,,,,,,,,,,,,
,,,,,,,,,,,,,,,,,,,,,,,,,,,,,,,,,,,,,,,,,,,,,,,,,,,,,,,,,
,,,,,,,,,,,,,,,,,,,,,,,,,,,,,,,,,,,,,,,,,,,,,,,,,,,,,,,,,
,,,,,,,,,,,,,,,,,,,,,,,,,,,,,,,,,,,,,,,,,,,,,,,,,,,,,,,,,
,,,,,,,,,,,,,,,,,,,,,,,,,,,,,,,,,,,,,,,,,,,,,,,,,,,,,,,,,
,,,,,,,,,,,,,,,,,,,,,,,,,,,,,,,,,,,,,,,,,,,,,,,,,,,,,,,,,
,,,,,,,,,,,,,,,,,,,,,,,,,,,,,,,,,,,,,,,,,,,,,,,,,,,,,,,,,
,,,,,,,,,,,,,,,,,,,,,,,,,,,,,,,,,,,,,,,,,,,,,,,,,,,,,,,,,
,,,,,,,,,,,,,,,,,,,,,,,,,,,,,,,,,,,,,,,,,,,,,,,,,,,,,,,,,
,,,,,,,,,,,,,,,,,,,,,,,,,,,,,,,,,,,,,,,,,,,,,,,,,,,,,,,,,
,,,,,,,,,,,,,,,,,,,,,,,,,,,,,,,,,,,,,,,,,,,,,,,,,,,,,,,,,
,,,,,,,,,,,,,,,,,,,,,,,,,,,,,,,,,,,,,,,,,,,,,,,,,,,,,,,,,
,,,,,,,,,,,,,,,,,,,,,,,,,,,,,,,,,,,,,,,,,,,,,,,,,,,,,,,,,
,,,,,,,,,,,,,,,,,,,,,,,,,,,,,,,,,,,,,,,,,,,,,,,,,,,,,,,,,
,,,,,,,,,,,,,,,,,,,,,,,,,,,,,,,,,,,,,,,,,,,,,,,,,,,,,,,,,
,,,,,,,,,,,,,,,,,,,,,,,,,,,,,,,,,,,,,,,,,,,,,,,,,,,,,,,,,
,,,,,,,,,,,,,,,,,,,,,,,,,,,,,,,,,,,,,,,,,,,,,,,,,,,,,,,,,
,,,,,,,,,,,,,,,,,,,,,,,,,,,,,,,,,,,,,,,,,,,,,,,,,,,,,,,,,
,,,,,,,,,,,,,,,,,,,,,,,,,,,,,,,,,,,,,,,,,,,,,,,,,,,,,,,,,
,,,,,,,,,,,,,,,,,,,,,,,,,,,,,,,,,,,,,,,,,,,,,,,,,,,,,,,,,
,,,,,,,,,,,,,,,,,,,,,,,,,,,,,,,,,,,,,,,,,,,,,,,,,,,,,,,,,
,,,,,,,,,,,,,,,,,,,,,,,,,,,,,,,,,,,,,,,,,,,,,,,,,,,,,,,,,
,,,,,,,,,,,,,,,,,,,,,,,,,,,,,,,,,,,,,,,,,,,,,,,,,,,,,,,,,
,,,,,,,,,,,,,,,,,,,,,,,,,,,,,,,,,,,,,,,,,,,,,,,,,,,,,,,,,
,,,,,,,,,,,,,,,,,,,,,,,,,,,,,,,,,,,,,,,,,,,,,,,,,,,,,,,,,
,,,,,,,,,,,,,,,,,,,,,,,,,,,,,,,,,,,,,,,,,,,,,,,,,,,,,,,,,
,,,,,,,,,,,,,,,,,,,,,,,,,,,,,,,,,,,,,,,,,,,,,,,,,,,,,,,,,
,,,,,,,,,,,,,,,,,,,,,,,,,,,,,,,,,,,,,,,,,,,,,,,,,,,,,,,,,
,,,,,,,,,,,,,,,,,,,,,,,,,,,,,,,,,,,,,,,,,,,,,,,,,,,,,,,,,
,,,,,,,,,,,,,,,,,,,,,,,,,,,,,,,,,,,,,,,,,,,,,,,,,,,,,,,,,
,,,,,,,,,,,,,,,,,,,,,,,,,,,,,,,,,,,,,,,,,,,,,,,,,,,,,,,,,
,,,,,,,,,,,,,,,,,,,,,,,,,,,,,,,,,,,,,,,,,,,,,,,,,,,,,,,,,
,,,,,,,,,,,,,,,,,,,,,,,,,,,,,,,,,,,,,,,,,,,,,,,,,,,,,,,,,
,,,,,,,,,,,,,,,,,,,,,,,,,,,,,,,,,,,,,,,,,,,,,,,,,,,,,,,,,
,,,,,,,,,,,,,,,,,,,,,,,,,,,,,,,,,,,,,,,,,,,,,,,,,,,,,,,,,
,,,,,,,,,,,,,,,,,,,,,,,,,,,,,,,,,,,,,,,,,,,,,,,,,,,,,,,,,
,,,,,,,,,,,,,,,,,,,,,,,,,,,,,,,,,,,,,,,,,,,,,,,,,,,,,,,,,
,,,,,,,,,,,,,,,,,,,,,,,,,,,,,,,,,,,,,,,,,,,,,,,,,,,,,,,,,
,,,,,,,,,,,,,,,,,,,,,,,,,,,,,,,,,,,,,,,,,,,,,,,,,,,,,,,,,
,,,,,,,,,,,,,,,,,,,,,,,,,,,,,,,,,,,,,,,,,,,,,,,,,,,,,,,,,
,,,,,,,,,,,,,,,,,,,,,,,,,,,,,,,,,,,,,,,,,,,,,,,,,,,,,,,,,
,,,,,,,,,,,,,,,,,,,,,,,,,,,,,,,,,,,,,,,,,,,,,,,,,,,,,,,,,
,,,,,,,,,,,,,,,,,,,,,,,,,,,,,,,,,,,,,,,,,,,,,,,,,,,,,,,,,
,,,,,,,,,,,,,,,,,,,,,,,,,,,,,,,,,,,,,,,,,,,,,,,,,,,,,,,,,
,,,,,,,,,,,,,,,,,,,,,,,,,,,,,,,,,,,,,,,,,,,,,,,,,,,,,,,,,
,,,,,,,,,,,,,,,,,,,,,,,,,,,,,,,,,,,,,,,,,,,,,,,,,,,,,,,,,
,,,,,,,,,,,,,,,,,,,,,,,,,,,,,,,,,,,,,,,,,,,,,,,,,,,,,,,,,
,,,,,,,,,,,,,,,,,,,,,,,,,,,,,,,,,,,,,,,,,,,,,,,,,,,,,,,,,
,,,,,,,,,,,,,,,,,,,,,,,,,,,,,,,,,,,,,,,,,,,,,,,,,,,,,,,,,
,,,,,,,,,,,,,,,,,,,,,,,,,,,,,,,,,,,,,,,,,,,,,,,,,,,,,,,,,
,,,,,,,,,,,,,,,,,,,,,,,,,,,,,,,,,,,,,,,,,,,,,,,,,,,,,,,,,
,,,,,,,,,,,,,,,,,,,,,,,,,,,,,,,,,,,,,,,,,,,,,,,,,,,,,,,,,
,,,,,,,,,,,,,,,,,,,,,,,,,,,,,,,,,,,,,,,,,,,,,,,,,,,,,,,,,
,,,,,,,,,,,,,,,,,,,,,,,,,,,,,,,,,,,,,,,,,,,,,,,,,,,,,,,,,
,,,,,,,,,,,,,,,,,,,,,,,,,,,,,,,,,,,,,,,,,,,,,,,,,,,,,,,,,
,,,,,,,,,,,,,,,,,,,,,,,,,,,,,,,,,,,,,,,,,,,,,,,,,,,,,,,,,
,,,,,,,,,,,,,,,,,,,,,,,,,,,,,,,,,,,,,,,,,,,,,,,,,,,,,,,,,
,,,,,,,,,,,,,,,,,,,,,,,,,,,,,,,,,,,,,,,,,,,,,,,,,,,,,,,,,
,,,,,,,,,,,,,,,,,,,,,,,,,,,,,,,,,,,,,,,,,,,,,,,,,,,,,,,,,
,,,,,,,,,,,,,,,,,,,,,,,,,,,,,,,,,,,,,,,,,,,,,,,,,,,,,,,,,
,,,,,,,,,,,,,,,,,,,,,,,,,,,,,,,,,,,,,,,,,,,,,,,,,,,,,,,,,
,,,,,,,,,,,,,,,,,,,,,,,,,,,,,,,,,,,,,,,,,,,,,,,,,,,,,,,,,
,,,,,,,,,,,,,,,,,,,,,,,,,,,,,,,,,,,,,,,,,,,,,,,,,,,,,,,,,
,,,,,,,,,,,,,,,,,,,,,,,,,,,,,,,,,,,,,,,,,,,,,,,,,,,,,,,,,
,,,,,,,,,,,,,,,,,,,,,,,,,,,,,,,,,,,,,,,,,,,,,,,,,,,,,,,,,
,,,,,,,,,,,,,,,,,,,,,,,,,,,,,,,,,,,,,,,,,,,,,,,,,,,,,,,,,
,,,,,,,,,,,,,,,,,,,,,,,,,,,,,,,,,,,,,,,,,,,,,,,,,,,,,,,,,
,,,,,,,,,,,,,,,,,,,,,,,,,,,,,,,,,,,,,,,,,,,,,,,,,,,,,,,,,
,,,,,,,,,,,,,,,,,,,,,,,,,,,,,,,,,,,,,,,,,,,,,,,,,,,,,,,,,
,,,,,,,,,,,,,,,,,,,,,,,,,,,,,,,,,,,,,,,,,,,,,,,,,,,,,,,,,
,,,,,,,,,,,,,,,,,,,,,,,,,,,,,,,,,,,,,,,,,,,,,,,,,,,,,,,,,
,,,,,,,,,,,,,,,,,,,,,,,,,,,,,,,,,,,,,,,,,,,,,,,,,,,,,,,,,
,,,,,,,,,,,,,,,,,,,,,,,,,,,,,,,,,,,,,,,,,,,,,,,,,,,,,,,,,
,,,,,,,,,,,,,,,,,,,,,,,,,,,,,,,,,,,,,,,,,,,,,,,,,,,,,,,,,
,,,,,,,,,,,,,,,,,,,,,,,,,,,,,,,,,,,,,,,,,,,,,,,,,,,,,,,,,
,,,,,,,,,,,,,,,,,,,,,,,,,,,,,,,,,,,,,,,,,,,,,,,,,,,,,,,,,
,,,,,,,,,,,,,,,,,,,,,,,,,,,,,,,,,,,,,,,,,,,,,,,,,,,,,,,,,
,,,,,,,,,,,,,,,,,,,,,,,,,,,,,,,,,,,,,,,,,,,,,,,,,,,,,,,,,
,,,,,,,,,,,,,,,,,,,,,,,,,,,,,,,,,,,,,,,,,,,,,,,,,,,,,,,,,
,,,,,,,,,,,,,,,,,,,,,,,,,,,,,,,,,,,,,,,,,,,,,,,,,,,,,,,,,
,,,,,,,,,,,,,,,,,,,,,,,,,,,,,,,,,,,,,,,,,,,,,,,,,,,,,,,,,
,,,,,,,,,,,,,,,,,,,,,,,,,,,,,,,,,,,,,,,,,,,,,,,,,,,,,,,,,
,,,,,,,,,,,,,,,,,,,,,,,,,,,,,,,,,,,,,,,,,,,,,,,,,,,,,,,,,
,,,,,,,,,,,,,,,,,,,,,,,,,,,,,,,,,,,,,,,,,,,,,,,,,,,,,,,,,
,,,,,,,,,,,,,,,,,,,,,,,,,,,,,,,,,,,,,,,,,,,,,,,,,,,,,,,,,
,,,,,,,,,,,,,,,,,,,,,,,,,,,,,,,,,,,,,,,,,,,,,,,,,,,,,,,,,
,,,,,,,,,,,,,,,,,,,,,,,,,,,,,,,,,,,,,,,,,,,,,,,,,,,,,,,,,
,,,,,,,,,,,,,,,,,,,,,,,,,,,,,,,,,,,,,,,,,,,,,,,,,,,,,,,,,
,,,,,,,,,,,,,,,,,,,,,,,,,,,,,,,,,,,,,,,,,,,,,,,,,,,,,,,,,
,,,,,,,,,,,,,,,,,,,,,,,,,,,,,,,,,,,,,,,,,,,,,,,,,,,,,,,,,
,,,,,,,,,,,,,,,,,,,,,,,,,,,,,,,,,,,,,,,,,,,,,,,,,,,,,,,,,
,,,,,,,,,,,,,,,,,,,,,,,,,,,,,,,,,,,,,,,,,,,,,,,,,,,,,,,,,
,,,,,,,,,,,,,,,,,,,,,,,,,,,,,,,,,,,,,,,,,,,,,,,,,,,,,,,,,
,,,,,,,,,,,,,,,,,,,,,,,,,,,,,,,,,,,,,,,,,,,,,,,,,,,,,,,,,
,,,,,,,,,,,,,,,,,,,,,,,,,,,,,,,,,,,,,,,,,,,,,,,,,,,,,,,,,
,,,,,,,,,,,,,,,,,,,,,,,,,,,,,,,,,,,,,,,,,,,,,,,,,,,,,,,,,
,,,,,,,,,,,,,,,,,,,,,,,,,,,,,,,,,,,,,,,,,,,,,,,,,,,,,,,,,
,,,,,,,,,,,,,,,,,,,,,,,,,,,,,,,,,,,,,,,,,,,,,,,,,,,,,,,,,
,,,,,,,,,,,,,,,,,,,,,,,,,,,,,,,,,,,,,,,,,,,,,,,,,,,,,,,,,
,,,,,,,,,,,,,,,,,,,,,,,,,,,,,,,,,,,,,,,,,,,,,,,,,,,,,,,,,
,,,,,,,,,,,,,,,,,,,,,,,,,,,,,,,,,,,,,,,,,,,,,,,,,,,,,,,,,
,,,,,,,,,,,,,,,,,,,,,,,,,,,,,,,,,,,,,,,,,,,,,,,,,,,,,,,,,
,,,,,,,,,,,,,,,,,,,,,,,,,,,,,,,,,,,,,,,,,,,,,,,,,,,,,,,,,
,,,,,,,,,,,,,,,,,,,,,,,,,,,,,,,,,,,,,,,,,,,,,,,,,,,,,,,,,
,,,,,,,,,,,,,,,,,,,,,,,,,,,,,,,,,,,,,,,,,,,,,,,,,,,,,,,,,
,,,,,,,,,,,,,,,,,,,,,,,,,,,,,,,,,,,,,,,,,,,,,,,,,,,,,,,,,
,,,,,,,,,,,,,,,,,,,,,,,,,,,,,,,,,,,,,,,,,,,,,,,,,,,,,,,,,
,,,,,,,,,,,,,,,,,,,,,,,,,,,,,,,,,,,,,,,,,,,,,,,,,,,,,,,,,
,,,,,,,,,,,,,,,,,,,,,,,,,,,,,,,,,,,,,,,,,,,,,,,,,,,,,,,,,
,,,,,,,,,,,,,,,,,,,,,,,,,,,,,,,,,,,,,,,,,,,,,,,,,,,,,,,,,
,,,,,,,,,,,,,,,,,,,,,,,,,,,,,,,,,,,,,,,,,,,,,,,,,,,,,,,,,
,,,,,,,,,,,,,,,,,,,,,,,,,,,,,,,,,,,,,,,,,,,,,,,,,,,,,,,,,
,,,,,,,,,,,,,,,,,,,,,,,,,,,,,,,,,,,,,,,,,,,,,,,,,,,,,,,,,
,,,,,,,,,,,,,,,,,,,,,,,,,,,,,,,,,,,,,,,,,,,,,,,,,,,,,,,,,
,,,,,,,,,,,,,,,,,,,,,,,,,,,,,,,,,,,,,,,,,,,,,,,,,,,,,,,,,
,,,,,,,,,,,,,,,,,,,,,,,,,,,,,,,,,,,,,,,,,,,,,,,,,,,,,,,,,
,,,,,,,,,,,,,,,,,,,,,,,,,,,,,,,,,,,,,,,,,,,,,,,,,,,,,,,,,
,,,,,,,,,,,,,,,,,,,,,,,,,,,,,,,,,,,,,,,,,,,,,,,,,,,,,,,,,
,,,,,,,,,,,,,,,,,,,,,,,,,,,,,,,,,,,,,,,,,,,,,,,,,,,,,,,,,
,,,,,,,,,,,,,,,,,,,,,,,,,,,,,,,,,,,,,,,,,,,,,,,,,,,,,,,,,
,,,,,,,,,,,,,,,,,,,,,,,,,,,,,,,,,,,,,,,,,,,,,,,,,,,,,,,,,
,,,,,,,,,,,,,,,,,,,,,,,,,,,,,,,,,,,,,,,,,,,,,,,,,,,,,,,,,
,,,,,,,,,,,,,,,,,,,,,,,,,,,,,,,,,,,,,,,,,,,,,,,,,,,,,,,,,
,,,,,,,,,,,,,,,,,,,,,,,,,,,,,,,,,,,,,,,,,,,,,,,,,,,,,,,,,
,,,,,,,,,,,,,,,,,,,,,,,,,,,,,,,,,,,,,,,,,,,,,,,,,,,,,,,,,
,,,,,,,,,,,,,,,,,,,,,,,,,,,,,,,,,,,,,,,,,,,,,,,,,,,,,,,,,
,,,,,,,,,,,,,,,,,,,,,,,,,,,,,,,,,,,,,,,,,,,,,,,,,,,,,,,,,
,,,,,,,,,,,,,,,,,,,,,,,,,,,,,,,,,,,,,,,,,,,,,,,,,,,,,,,,,
,,,,,,,,,,,,,,,,,,,,,,,,,,,,,,,,,,,,,,,,,,,,,,,,,,,,,,,,,
,,,,,,,,,,,,,,,,,,,,,,,,,,,,,,,,,,,,,,,,,,,,,,,,,,,,,,,,,
,,,,,,,,,,,,,,,,,,,,,,,,,,,,,,,,,,,,,,,,,,,,,,,,,,,,,,,,,
,,,,,,,,,,,,,,,,,,,,,,,,,,,,,,,,,,,,,,,,,,,,,,,,,,,,,,,,,
,,,,,,,,,,,,,,,,,,,,,,,,,,,,,,,,,,,,,,,,,,,,,,,,,,,,,,,,,
,,,,,,,,,,,,,,,,,,,,,,,,,,,,,,,,,,,,,,,,,,,,,,,,,,,,,,,,,
,,,,,,,,,,,,,,,,,,,,,,,,,,,,,,,,,,,,,,,,,,,,,,,,,,,,,,,,,
,,,,,,,,,,,,,,,,,,,,,,,,,,,,,,,,,,,,,,,,,,,,,,,,,,,,,,,,,
,,,,,,,,,,,,,,,,,,,,,,,,,,,,,,,,,,,,,,,,,,,,,,,,,,,,,,,,,
,,,,,,,,,,,,,,,,,,,,,,,,,,,,,,,,,,,,,,,,,,,,,,,,,,,,,,,,,
,,,,,,,,,,,,,,,,,,,,,,,,,,,,,,,,,,,,,,,,,,,,,,,,,,,,,,,,,
,,,,,,,,,,,,,,,,,,,,,,,,,,,,,,,,,,,,,,,,,,,,,,,,,,,,,,,,,
,,,,,,,,,,,,,,,,,,,,,,,,,,,,,,,,,,,,,,,,,,,,,,,,,,,,,,,,,
,,,,,,,,,,,,,,,,,,,,,,,,,,,,,,,,,,,,,,,,,,,,,,,,,,,,,,,,,
,,,,,,,,,,,,,,,,,,,,,,,,,,,,,,,,,,,,,,,,,,,,,,,,,,,,,,,,,
,,,,,,,,,,,,,,,,,,,,,,,,,,,,,,,,,,,,,,,,,,,,,,,,,,,,,,,,,
,,,,,,,,,,,,,,,,,,,,,,,,,,,,,,,,,,,,,,,,,,,,,,,,,,,,,,,,,
,,,,,,,,,,,,,,,,,,,,,,,,,,,,,,,,,,,,,,,,,,,,,,,,,,,,,,,,,
,,,,,,,,,,,,,,,,,,,,,,,,,,,,,,,,,,,,,,,,,,,,,,,,,,,,,,,,,
,,,,,,,,,,,,,,,,,,,,,,,,,,,,,,,,,,,,,,,,,,,,,,,,,,,,,,,,,
,,,,,,,,,,,,,,,,,,,,,,,,,,,,,,,,,,,,,,,,,,,,,,,,,,,,,,,,,
,,,,,,,,,,,,,,,,,,,,,,,,,,,,,,,,,,,,,,,,,,,,,,,,,,,,,,,,,
,,,,,,,,,,,,,,,,,,,,,,,,,,,,,,,,,,,,,,,,,,,,,,,,,,,,,,,,,
,,,,,,,,,,,,,,,,,,,,,,,,,,,,,,,,,,,,,,,,,,,,,,,,,,,,,,,,,
,,,,,,,,,,,,,,,,,,,,,,,,,,,,,,,,,,,,,,,,,,,,,,,,,,,,,,,,,
,,,,,,,,,,,,,,,,,,,,,,,,,,,,,,,,,,,,,,,,,,,,,,,,,,,,,,,,,
,,,,,,,,,,,,,,,,,,,,,,,,,,,,,,,,,,,,,,,,,,,,,,,,,,,,,,,,,
,,,,,,,,,,,,,,,,,,,,,,,,,,,,,,,,,,,,,,,,,,,,,,,,,,,,,,,,,
,,,,,,,,,,,,,,,,,,,,,,,,,,,,,,,,,,,,,,,,,,,,,,,,,,,,,,,,,
,,,,,,,,,,,,,,,,,,,,,,,,,,,,,,,,,,,,,,,,,,,,,,,,,,,,,,,,,
,,,,,,,,,,,,,,,,,,,,,,,,,,,,,,,,,,,,,,,,,,,,,,,,,,,,,,,,,
,,,,,,,,,,,,,,,,,,,,,,,,,,,,,,,,,,,,,,,,,,,,,,,,,,,,,,,,,
,,,,,,,,,,,,,,,,,,,,,,,,,,,,,,,,,,,,,,,,,,,,,,,,,,,,,,,,,
,,,,,,,,,,,,,,,,,,,,,,,,,,,,,,,,,,,,,,,,,,,,,,,,,,,,,,,,,
,,,,,,,,,,,,,,,,,,,,,,,,,,,,,,,,,,,,,,,,,,,,,,,,,,,,,,,,,
,,,,,,,,,,,,,,,,,,,,,,,,,,,,,,,,,,,,,,,,,,,,,,,,,,,,,,,,,
,,,,,,,,,,,,,,,,,,,,,,,,,,,,,,,,,,,,,,,,,,,,,,,,,,,,,,,,,
,,,,,,,,,,,,,,,,,,,,,,,,,,,,,,,,,,,,,,,,,,,,,,,,,,,,,,,,,
,,,,,,,,,,,,,,,,,,,,,,,,,,,,,,,,,,,,,,,,,,,,,,,,,,,,,,,,,
,,,,,,,,,,,,,,,,,,,,,,,,,,,,,,,,,,,,,,,,,,,,,,,,,,,,,,,,,
,,,,,,,,,,,,,,,,,,,,,,,,,,,,,,,,,,,,,,,,,,,,,,,,,,,,,,,,,
,,,,,,,,,,,,,,,,,,,,,,,,,,,,,,,,,,,,,,,,,,,,,,,,,,,,,,,,,
,,,,,,,,,,,,,,,,,,,,,,,,,,,,,,,,,,,,,,,,,,,,,,,,,,,,,,,,,
,,,,,,,,,,,,,,,,,,,,,,,,,,,,,,,,,,,,,,,,,,,,,,,,,,,,,,,,,
,,,,,,,,,,,,,,,,,,,,,,,,,,,,,,,,,,,,,,,,,,,,,,,,,,,,,,,,,
,,,,,,,,,,,,,,,,,,,,,,,,,,,,,,,,,,,,,,,,,,,,,,,,,,,,,,,,,
,,,,,,,,,,,,,,,,,,,,,,,,,,,,,,,,,,,,,,,,,,,,,,,,,,,,,,,,,
,,,,,,,,,,,,,,,,,,,,,,,,,,,,,,,,,,,,,,,,,,,,,,,,,,,,,,,,,
,,,,,,,,,,,,,,,,,,,,,,,,,,,,,,,,,,,,,,,,,,,,,,,,,,,,,,,,,
,,,,,,,,,,,,,,,,,,,,,,,,,,,,,,,,,,,,,,,,,,,,,,,,,,,,,,,,,
,,,,,,,,,,,,,,,,,,,,,,,,,,,,,,,,,,,,,,,,,,,,,,,,,,,,,,,,,
,,,,,,,,,,,,,,,,,,,,,,,,,,,,,,,,,,,,,,,,,,,,,,,,,,,,,,,,,
,,,,,,,,,,,,,,,,,,,,,,,,,,,,,,,,,,,,,,,,,,,,,,,,,,,,,,,,,
,,,,,,,,,,,,,,,,,,,,,,,,,,,,,,,,,,,,,,,,,,,,,,,,,,,,,,,,,
,,,,,,,,,,,,,,,,,,,,,,,,,,,,,,,,,,,,,,,,,,,,,,,,,,,,,,,,,
,,,,,,,,,,,,,,,,,,,,,,,,,,,,,,,,,,,,,,,,,,,,,,,,,,,,,,,,,
,,,,,,,,,,,,,,,,,,,,,,,,,,,,,,,,,,,,,,,,,,,,,,,,,,,,,,,,,
,,,,,,,,,,,,,,,,,,,,,,,,,,,,,,,,,,,,,,,,,,,,,,,,,,,,,,,,,
,,,,,,,,,,,,,,,,,,,,,,,,,,,,,,,,,,,,,,,,,,,,,,,,,,,,,,,,,
,,,,,,,,,,,,,,,,,,,,,,,,,,,,,,,,,,,,,,,,,,,,,,,,,,,,,,,,,
,,,,,,,,,,,,,,,,,,,,,,,,,,,,,,,,,,,,,,,,,,,,,,,,,,,,,,,,,
,,,,,,,,,,,,,,,,,,,,,,,,,,,,,,,,,,,,,,,,,,,,,,,,,,,,,,,,,
,,,,,,,,,,,,,,,,,,,,,,,,,,,,,,,,,,,,,,,,,,,,,,,,,,,,,,,,,
,,,,,,,,,,,,,,,,,,,,,,,,,,,,,,,,,,,,,,,,,,,,,,,,,,,,,,,,,
,,,,,,,,,,,,,,,,,,,,,,,,,,,,,,,,,,,,,,,,,,,,,,,,,,,,,,,,,
,,,,,,,,,,,,,,,,,,,,,,,,,,,,,,,,,,,,,,,,,,,,,,,,,,,,,,,,,
,,,,,,,,,,,,,,,,,,,,,,,,,,,,,,,,,,,,,,,,,,,,,,,,,,,,,,,,,
,,,,,,,,,,,,,,,,,,,,,,,,,,,,,,,,,,,,,,,,,,,,,,,,,,,,,,,,,
,,,,,,,,,,,,,,,,,,,,,,,,,,,,,,,,,,,,,,,,,,,,,,,,,,,,,,,,,
,,,,,,,,,,,,,,,,,,,,,,,,,,,,,,,,,,,,,,,,,,,,,,,,,,,,,,,,,
,,,,,,,,,,,,,,,,,,,,,,,,,,,,,,,,,,,,,,,,,,,,,,,,,,,,,,,,,
,,,,,,,,,,,,,,,,,,,,,,,,,,,,,,,,,,,,,,,,,,,,,,,,,,,,,,,,,
,,,,,,,,,,,,,,,,,,,,,,,,,,,,,,,,,,,,,,,,,,,,,,,,,,,,,,,,,
,,,,,,,,,,,,,,,,,,,,,,,,,,,,,,,,,,,,,,,,,,,,,,,,,,,,,,,,,
,,,,,,,,,,,,,,,,,,,,,,,,,,,,,,,,,,,,,,,,,,,,,,,,,,,,,,,,,
,,,,,,,,,,,,,,,,,,,,,,,,,,,,,,,,,,,,,,,,,,,,,,,,,,,,,,,,,
,,,,,,,,,,,,,,,,,,,,,,,,,,,,,,,,,,,,,,,,,,,,,,,,,,,,,,,,,
,,,,,,,,,,,,,,,,,,,,,,,,,,,,,,,,,,,,,,,,,,,,,,,,,,,,,,,,,
,,,,,,,,,,,,,,,,,,,,,,,,,,,,,,,,,,,,,,,,,,,,,,,,,,,,,,,,,
,,,,,,,,,,,,,,,,,,,,,,,,,,,,,,,,,,,,,,,,,,,,,,,,,,,,,,,,,
,,,,,,,,,,,,,,,,,,,,,,,,,,,,,,,,,,,,,,,,,,,,,,,,,,,,,,,,,
,,,,,,,,,,,,,,,,,,,,,,,,,,,,,,,,,,,,,,,,,,,,,,,,,,,,,,,,,
,,,,,,,,,,,,,,,,,,,,,,,,,,,,,,,,,,,,,,,,,,,,,,,,,,,,,,,,,
,,,,,,,,,,,,,,,,,,,,,,,,,,,,,,,,,,,,,,,,,,,,,,,,,,,,,,,,,
,,,,,,,,,,,,,,,,,,,,,,,,,,,,,,,,,,,,,,,,,,,,,,,,,,,,,,,,,
,,,,,,,,,,,,,,,,,,,,,,,,,,,,,,,,,,,,,,,,,,,,,,,,,,,,,,,,,
,,,,,,,,,,,,,,,,,,,,,,,,,,,,,,,,,,,,,,,,,,,,,,,,,,,,,,,,,
,,,,,,,,,,,,,,,,,,,,,,,,,,,,,,,,,,,,,,,,,,,,,,,,,,,,,,,,,
,,,,,,,,,,,,,,,,,,,,,,,,,,,,,,,,,,,,,,,,,,,,,,,,,,,,,,,,,
,,,,,,,,,,,,,,,,,,,,,,,,,,,,,,,,,,,,,,,,,,,,,,,,,,,,,,,,,
,,,,,,,,,,,,,,,,,,,,,,,,,,,,,,,,,,,,,,,,,,,,,,,,,,,,,,,,,
,,,,,,,,,,,,,,,,,,,,,,,,,,,,,,,,,,,,,,,,,,,,,,,,,,,,,,,,,
,,,,,,,,,,,,,,,,,,,,,,,,,,,,,,,,,,,,,,,,,,,,,,,,,,,,,,,,,
,,,,,,,,,,,,,,,,,,,,,,,,,,,,,,,,,,,,,,,,,,,,,,,,,,,,,,,,,
,,,,,,,,,,,,,,,,,,,,,,,,,,,,,,,,,,,,,,,,,,,,,,,,,,,,,,,,,
,,,,,,,,,,,,,,,,,,,,,,,,,,,,,,,,,,,,,,,,,,,,,,,,,,,,,,,,,
,,,,,,,,,,,,,,,,,,,,,,,,,,,,,,,,,,,,,,,,,,,,,,,,,,,,,,,,,
,,,,,,,,,,,,,,,,,,,,,,,,,,,,,,,,,,,,,,,,,,,,,,,,,,,,,,,,,
,,,,,,,,,,,,,,,,,,,,,,,,,,,,,,,,,,,,,,,,,,,,,,,,,,,,,,,,,
,,,,,,,,,,,,,,,,,,,,,,,,,,,,,,,,,,,,,,,,,,,,,,,,,,,,,,,,,
,,,,,,,,,,,,,,,,,,,,,,,,,,,,,,,,,,,,,,,,,,,,,,,,,,,,,,,,,
,,,,,,,,,,,,,,,,,,,,,,,,,,,,,,,,,,,,,,,,,,,,,,,,,,,,,,,,,
,,,,,,,,,,,,,,,,,,,,,,,,,,,,,,,,,,,,,,,,,,,,,,,,,,,,,,,,,
,,,,,,,,,,,,,,,,,,,,,,,,,,,,,,,,,,,,,,,,,,,,,,,,,,,,,,,,,
,,,,,,,,,,,,,,,,,,,,,,,,,,,,,,,,,,,,,,,,,,,,,,,,,,,,,,,,,
,,,,,,,,,,,,,,,,,,,,,,,,,,,,,,,,,,,,,,,,,,,,,,,,,,,,,,,,,
,,,,,,,,,,,,,,,,,,,,,,,,,,,,,,,,,,,,,,,,,,,,,,,,,,,,,,,,,
,,,,,,,,,,,,,,,,,,,,,,,,,,,,,,,,,,,,,,,,,,,,,,,,,,,,,,,,,
,,,,,,,,,,,,,,,,,,,,,,,,,,,,,,,,,,,,,,,,,,,,,,,,,,,,,,,,,
,,,,,,,,,,,,,,,,,,,,,,,,,,,,,,,,,,,,,,,,,,,,,,,,,,,,,,,,,
,,,,,,,,,,,,,,,,,,,,,,,,,,,,,,,,,,,,,,,,,,,,,,,,,,,,,,,,,
,,,,,,,,,,,,,,,,,,,,,,,,,,,,,,,,,,,,,,,,,,,,,,,,,,,,,,,,,
,,,,,,,,,,,,,,,,,,,,,,,,,,,,,,,,,,,,,,,,,,,,,,,,,,,,,,,,,
,,,,,,,,,,,,,,,,,,,,,,,,,,,,,,,,,,,,,,,,,,,,,,,,,,,,,,,,,
,,,,,,,,,,,,,,,,,,,,,,,,,,,,,,,,,,,,,,,,,,,,,,,,,,,,,,,,,
,,,,,,,,,,,,,,,,,,,,,,,,,,,,,,,,,,,,,,,,,,,,,,,,,,,,,,,,,
,,,,,,,,,,,,,,,,,,,,,,,,,,,,,,,,,,,,,,,,,,,,,,,,,,,,,,,,,
,,,,,,,,,,,,,,,,,,,,,,,,,,,,,,,,,,,,,,,,,,,,,,,,,,,,,,,,,
,,,,,,,,,,,,,,,,,,,,,,,,,,,,,,,,,,,,,,,,,,,,,,,,,,,,,,,,,
,,,,,,,,,,,,,,,,,,,,,,,,,,,,,,,,,,,,,,,,,,,,,,,,,,,,,,,,,
,,,,,,,,,,,,,,,,,,,,,,,,,,,,,,,,,,,,,,,,,,,,,,,,,,,,,,,,,
,,,,,,,,,,,,,,,,,,,,,,,,,,,,,,,,,,,,,,,,,,,,,,,,,,,,,,,,,
,,,,,,,,,,,,,,,,,,,,,,,,,,,,,,,,,,,,,,,,,,,,,,,,,,,,,,,,,
,,,,,,,,,,,,,,,,,,,,,,,,,,,,,,,,,,,,,,,,,,,,,,,,,,,,,,,,,
,,,,,,,,,,,,,,,,,,,,,,,,,,,,,,,,,,,,,,,,,,,,,,,,,,,,,,,,,
,,,,,,,,,,,,,,,,,,,,,,,,,,,,,,,,,,,,,,,,,,,,,,,,,,,,,,,,,
,,,,,,,,,,,,,,,,,,,,,,,,,,,,,,,,,,,,,,,,,,,,,,,,,,,,,,,,,
,,,,,,,,,,,,,,,,,,,,,,,,,,,,,,,,,,,,,,,,,,,,,,,,,,,,,,,,,
,,,,,,,,,,,,,,,,,,,,,,,,,,,,,,,,,,,,,,,,,,,,,,,,,,,,,,,,,
,,,,,,,,,,,,,,,,,,,,,,,,,,,,,,,,,,,,,,,,,,,,,,,,,,,,,,,,,
,,,,,,,,,,,,,,,,,,,,,,,,,,,,,,,,,,,,,,,,,,,,,,,,,,,,,,,,,
,,,,,,,,,,,,,,,,,,,,,,,,,,,,,,,,,,,,,,,,,,,,,,,,,,,,,,,,,
,,,,,,,,,,,,,,,,,,,,,,,,,,,,,,,,,,,,,,,,,,,,,,,,,,,,,,,,,
,,,,,,,,,,,,,,,,,,,,,,,,,,,,,,,,,,,,,,,,,,,,,,,,,,,,,,,,,
,,,,,,,,,,,,,,,,,,,,,,,,,,,,,,,,,,,,,,,,,,,,,,,,,,,,,,,,,
,,,,,,,,,,,,,,,,,,,,,,,,,,,,,,,,,,,,,,,,,,,,,,,,,,,,,,,,,
,,,,,,,,,,,,,,,,,,,,,,,,,,,,,,,,,,,,,,,,,,,,,,,,,,,,,,,,,
,,,,,,,,,,,,,,,,,,,,,,,,,,,,,,,,,,,,,,,,,,,,,,,,,,,,,,,,,
,,,,,,,,,,,,,,,,,,,,,,,,,,,,,,,,,,,,,,,,,,,,,,,,,,,,,,,,,
,,,,,,,,,,,,,,,,,,,,,,,,,,,,,,,,,,,,,,,,,,,,,,,,,,,,,,,,,
,,,,,,,,,,,,,,,,,,,,,,,,,,,,,,,,,,,,,,,,,,,,,,,,,,,,,,,,,
,,,,,,,,,,,,,,,,,,,,,,,,,,,,,,,,,,,,,,,,,,,,,,,,,,,,,,,,,
,,,,,,,,,,,,,,,,,,,,,,,,,,,,,,,,,,,,,,,,,,,,,,,,,,,,,,,,,
,,,,,,,,,,,,,,,,,,,,,,,,,,,,,,,,,,,,,,,,,,,,,,,,,,,,,,,,,
,,,,,,,,,,,,,,,,,,,,,,,,,,,,,,,,,,,,,,,,,,,,,,,,,,,,,,,,,
,,,,,,,,,,,,,,,,,,,,,,,,,,,,,,,,,,,,,,,,,,,,,,,,,,,,,,,,,
,,,,,,,,,,,,,,,,,,,,,,,,,,,,,,,,,,,,,,,,,,,,,,,,,,,,,,,,,
,,,,,,,,,,,,,,,,,,,,,,,,,,,,,,,,,,,,,,,,,,,,,,,,,,,,,,,,,
,,,,,,,,,,,,,,,,,,,,,,,,,,,,,,,,,,,,,,,,,,,,,,,,,,,,,,,,,
,,,,,,,,,,,,,,,,,,,,,,,,,,,,,,,,,,,,,,,,,,,,,,,,,,,,,,,,,
,,,,,,,,,,,,,,,,,,,,,,,,,,,,,,,,,,,,,,,,,,,,,,,,,,,,,,,,,
,,,,,,,,,,,,,,,,,,,,,,,,,,,,,,,,,,,,,,,,,,,,,,,,,,,,,,,,,
,,,,,,,,,,,,,,,,,,,,,,,,,,,,,,,,,,,,,,,,,,,,,,,,,,,,,,,,,
,,,,,,,,,,,,,,,,,,,,,,,,,,,,,,,,,,,,,,,,,,,,,,,,,,,,,,,,,
,,,,,,,,,,,,,,,,,,,,,,,,,,,,,,,,,,,,,,,,,,,,,,,,,,,,,,,,,
,,,,,,,,,,,,,,,,,,,,,,,,,,,,,,,,,,,,,,,,,,,,,,,,,,,,,,,,,
,,,,,,,,,,,,,,,,,,,,,,,,,,,,,,,,,,,,,,,,,,,,,,,,,,,,,,,,,
,,,,,,,,,,,,,,,,,,,,,,,,,,,,,,,,,,,,,,,,,,,,,,,,,,,,,,,,,
,,,,,,,,,,,,,,,,,,,,,,,,,,,,,,,,,,,,,,,,,,,,,,,,,,,,,,,,,
,,,,,,,,,,,,,,,,,,,,,,,,,,,,,,,,,,,,,,,,,,,,,,,,,,,,,,,,,
,,,,,,,,,,,,,,,,,,,,,,,,,,,,,,,,,,,,,,,,,,,,,,,,,,,,,,,,,
,,,,,,,,,,,,,,,,,,,,,,,,,,,,,,,,,,,,,,,,,,,,,,,,,,,,,,,,,
,,,,,,,,,,,,,,,,,,,,,,,,,,,,,,,,,,,,,,,,,,,,,,,,,,,,,,,,,
,,,,,,,,,,,,,,,,,,,,,,,,,,,,,,,,,,,,,,,,,,,,,,,,,,,,,,,,,
,,,,,,,,,,,,,,,,,,,,,,,,,,,,,,,,,,,,,,,,,,,,,,,,,,,,,,,,,
,,,,,,,,,,,,,,,,,,,,,,,,,,,,,,,,,,,,,,,,,,,,,,,,,,,,,,,,,
,,,,,,,,,,,,,,,,,,,,,,,,,,,,,,,,,,,,,,,,,,,,,,,,,,,,,,,,,
,,,,,,,,,,,,,,,,,,,,,,,,,,,,,,,,,,,,,,,,,,,,,,,,,,,,,,,,,
,,,,,,,,,,,,,,,,,,,,,,,,,,,,,,,,,,,,,,,,,,,,,,,,,,,,,,,,,
,,,,,,,,,,,,,,,,,,,,,,,,,,,,,,,,,,,,,,,,,,,,,,,,,,,,,,,,,
,,,,,,,,,,,,,,,,,,,,,,,,,,,,,,,,,,,,,,,,,,,,,,,,,,,,,,,,,
,,,,,,,,,,,,,,,,,,,,,,,,,,,,,,,,,,,,,,,,,,,,,,,,,,,,,,,,,
,,,,,,,,,,,,,,,,,,,,,,,,,,,,,,,,,,,,,,,,,,,,,,,,,,,,,,,,,
,,,,,,,,,,,,,,,,,,,,,,,,,,,,,,,,,,,,,,,,,,,,,,,,,,,,,,,,,
,,,,,,,,,,,,,,,,,,,,,,,,,,,,,,,,,,,,,,,,,,,,,,,,,,,,,,,,,
,,,,,,,,,,,,,,,,,,,,,,,,,,,,,,,,,,,,,,,,,,,,,,,,,,,,,,,,,
,,,,,,,,,,,,,,,,,,,,,,,,,,,,,,,,,,,,,,,,,,,,,,,,,,,,,,,,,
,,,,,,,,,,,,,,,,,,,,,,,,,,,,,,,,,,,,,,,,,,,,,,,,,,,,,,,,,
,,,,,,,,,,,,,,,,,,,,,,,,,,,,,,,,,,,,,,,,,,,,,,,,,,,,,,,,,
,,,,,,,,,,,,,,,,,,,,,,,,,,,,,,,,,,,,,,,,,,,,,,,,,,,,,,,,,
,,,,,,,,,,,,,,,,,,,,,,,,,,,,,,,,,,,,,,,,,,,,,,,,,,,,,,,,,
,,,,,,,,,,,,,,,,,,,,,,,,,,,,,,,,,,,,,,,,,,,,,,,,,,,,,,,,,
,,,,,,,,,,,,,,,,,,,,,,,,,,,,,,,,,,,,,,,,,,,,,,,,,,,,,,,,,
,,,,,,,,,,,,,,,,,,,,,,,,,,,,,,,,,,,,,,,,,,,,,,,,,,,,,,,,,
,,,,,,,,,,,,,,,,,,,,,,,,,,,,,,,,,,,,,,,,,,,,,,,,,,,,,,,,,
,,,,,,,,,,,,,,,,,,,,,,,,,,,,,,,,,,,,,,,,,,,,,,,,,,,,,,,,,
,,,,,,,,,,,,,,,,,,,,,,,,,,,,,,,,,,,,,,,,,,,,,,,,,,,,,,,,,
,,,,,,,,,,,,,,,,,,,,,,,,,,,,,,,,,,,,,,,,,,,,,,,,,,,,,,,,,
,,,,,,,,,,,,,,,,,,,,,,,,,,,,,,,,,,,,,,,,,,,,,,,,,,,,,,,,,
,,,,,,,,,,,,,,,,,,,,,,,,,,,,,,,,,,,,,,,,,,,,,,,,,,,,,,,,,
,,,,,,,,,,,,,,,,,,,,,,,,,,,,,,,,,,,,,,,,,,,,,,,,,,,,,,,,,
,,,,,,,,,,,,,,,,,,,,,,,,,,,,,,,,,,,,,,,,,,,,,,,,,,,,,,,,,
,,,,,,,,,,,,,,,,,,,,,,,,,,,,,,,,,,,,,,,,,,,,,,,,,,,,,,,,,
,,,,,,,,,,,,,,,,,,,,,,,,,,,,,,,,,,,,,,,,,,,,,,,,,,,,,,,,,
,,,,,,,,,,,,,,,,,,,,,,,,,,,,,,,,,,,,,,,,,,,,,,,,,,,,,,,,,
,,,,,,,,,,,,,,,,,,,,,,,,,,,,,,,,,,,,,,,,,,,,,,,,,,,,,,,,,
,,,,,,,,,,,,,,,,,,,,,,,,,,,,,,,,,,,,,,,,,,,,,,,,,,,,,,,,,
,,,,,,,,,,,,,,,,,,,,,,,,,,,,,,,,,,,,,,,,,,,,,,,,,,,,,,,,,
,,,,,,,,,,,,,,,,,,,,,,,,,,,,,,,,,,,,,,,,,,,,,,,,,,,,,,,,,
,,,,,,,,,,,,,,,,,,,,,,,,,,,,,,,,,,,,,,,,,,,,,,,,,,,,,,,,,
,,,,,,,,,,,,,,,,,,,,,,,,,,,,,,,,,,,,,,,,,,,,,,,,,,,,,,,,,
,,,,,,,,,,,,,,,,,,,,,,,,,,,,,,,,,,,,,,,,,,,,,,,,,,,,,,,,,
,,,,,,,,,,,,,,,,,,,,,,,,,,,,,,,,,,,,,,,,,,,,,,,,,,,,,,,,,
,,,,,,,,,,,,,,,,,,,,,,,,,,,,,,,,,,,,,,,,,,,,,,,,,,,,,,,,,
,,,,,,,,,,,,,,,,,,,,,,,,,,,,,,,,,,,,,,,,,,,,,,,,,,,,,,,,,
,,,,,,,,,,,,,,,,,,,,,,,,,,,,,,,,,,,,,,,,,,,,,,,,,,,,,,,,,
,,,,,,,,,,,,,,,,,,,,,,,,,,,,,,,,,,,,,,,,,,,,,,,,,,,,,,,,,
,,,,,,,,,,,,,,,,,,,,,,,,,,,,,,,,,,,,,,,,,,,,,,,,,,,,,,,,,
,,,,,,,,,,,,,,,,,,,,,,,,,,,,,,,,,,,,,,,,,,,,,,,,,,,,,,,,,
,,,,,,,,,,,,,,,,,,,,,,,,,,,,,,,,,,,,,,,,,,,,,,,,,,,,,,,,,
,,,,,,,,,,,,,,,,,,,,,,,,,,,,,,,,,,,,,,,,,,,,,,,,,,,,,,,,,
,,,,,,,,,,,,,,,,,,,,,,,,,,,,,,,,,,,,,,,,,,,,,,,,,,,,,,,,,
,,,,,,,,,,,,,,,,,,,,,,,,,,,,,,,,,,,,,,,,,,,,,,,,,,,,,,,,,
,,,,,,,,,,,,,,,,,,,,,,,,,,,,,,,,,,,,,,,,,,,,,,,,,,,,,,,,,
,,,,,,,,,,,,,,,,,,,,,,,,,,,,,,,,,,,,,,,,,,,,,,,,,,,,,,,,,
,,,,,,,,,,,,,,,,,,,,,,,,,,,,,,,,,,,,,,,,,,,,,,,,,,,,,,,,,
,,,,,,,,,,,,,,,,,,,,,,,,,,,,,,,,,,,,,,,,,,,,,,,,,,,,,,,,,
,,,,,,,,,,,,,,,,,,,,,,,,,,,,,,,,,,,,,,,,,,,,,,,,,,,,,,,,,
,,,,,,,,,,,,,,,,,,,,,,,,,,,,,,,,,,,,,,,,,,,,,,,,,,,,,,,,,
,,,,,,,,,,,,,,,,,,,,,,,,,,,,,,,,,,,,,,,,,,,,,,,,,,,,,,,,,
,,,,,,,,,,,,,,,,,,,,,,,,,,,,,,,,,,,,,,,,,,,,,,,,,,,,,,,,,
,,,,,,,,,,,,,,,,,,,,,,,,,,,,,,,,,,,,,,,,,,,,,,,,,,,,,,,,,
,,,,,,,,,,,,,,,,,,,,,,,,,,,,,,,,,,,,,,,,,,,,,,,,,,,,,,,,,
,,,,,,,,,,,,,,,,,,,,,,,,,,,,,,,,,,,,,,,,,,,,,,,,,,,,,,,,,
,,,,,,,,,,,,,,,,,,,,,,,,,,,,,,,,,,,,,,,,,,,,,,,,,,,,,,,,,
,,,,,,,,,,,,,,,,,,,,,,,,,,,,,,,,,,,,,,,,,,,,,,,,,,,,,,,,,
,,,,,,,,,,,,,,,,,,,,,,,,,,,,,,,,,,,,,,,,,,,,,,,,,,,,,,,,,
,,,,,,,,,,,,,,,,,,,,,,,,,,,,,,,,,,,,,,,,,,,,,,,,,,,,,,,,,
,,,,,,,,,,,,,,,,,,,,,,,,,,,,,,,,,,,,,,,,,,,,,,,,,,,,,,,,,
,,,,,,,,,,,,,,,,,,,,,,,,,,,,,,,,,,,,,,,,,,,,,,,,,,,,,,,,,
,,,,,,,,,,,,,,,,,,,,,,,,,,,,,,,,,,,,,,,,,,,,,,,,,,,,,,,,,
,,,,,,,,,,,,,,,,,,,,,,,,,,,,,,,,,,,,,,,,,,,,,,,,,,,,,,,,,
,,,,,,,,,,,,,,,,,,,,,,,,,,,,,,,,,,,,,,,,,,,,,,,,,,,,,,,,,
,,,,,,,,,,,,,,,,,,,,,,,,,,,,,,,,,,,,,,,,,,,,,,,,,,,,,,,,,
,,,,,,,,,,,,,,,,,,,,,,,,,,,,,,,,,,,,,,,,,,,,,,,,,,,,,,,,,
,,,,,,,,,,,,,,,,,,,,,,,,,,,,,,,,,,,,,,,,,,,,,,,,,,,,,,,,,
,,,,,,,,,,,,,,,,,,,,,,,,,,,,,,,,,,,,,,,,,,,,,,,,,,,,,,,,,
,,,,,,,,,,,,,,,,,,,,,,,,,,,,,,,,,,,,,,,,,,,,,,,,,,,,,,,,,
,,,,,,,,,,,,,,,,,,,,,,,,,,,,,,,,,,,,,,,,,,,,,,,,,,,,,,,,,
,,,,,,,,,,,,,,,,,,,,,,,,,,,,,,,,,,,,,,,,,,,,,,,,,,,,,,,,,
,,,,,,,,,,,,,,,,,,,,,,,,,,,,,,,,,,,,,,,,,,,,,,,,,,,,,,,,,
,,,,,,,,,,,,,,,,,,,,,,,,,,,,,,,,,,,,,,,,,,,,,,,,,,,,,,,,,
,,,,,,,,,,,,,,,,,,,,,,,,,,,,,,,,,,,,,,,,,,,,,,,,,,,,,,,,,
,,,,,,,,,,,,,,,,,,,,,,,,,,,,,,,,,,,,,,,,,,,,,,,,,,,,,,,,,
,,,,,,,,,,,,,,,,,,,,,,,,,,,,,,,,,,,,,,,,,,,,,,,,,,,,,,,,,
,,,,,,,,,,,,,,,,,,,,,,,,,,,,,,,,,,,,,,,,,,,,,,,,,,,,,,,,,
,,,,,,,,,,,,,,,,,,,,,,,,,,,,,,,,,,,,,,,,,,,,,,,,,,,,,,,,,
,,,,,,,,,,,,,,,,,,,,,,,,,,,,,,,,,,,,,,,,,,,,,,,,,,,,,,,,,
,,,,,,,,,,,,,,,,,,,,,,,,,,,,,,,,,,,,,,,,,,,,,,,,,,,,,,,,,
,,,,,,,,,,,,,,,,,,,,,,,,,,,,,,,,,,,,,,,,,,,,,,,,,,,,,,,,,
,,,,,,,,,,,,,,,,,,,,,,,,,,,,,,,,,,,,,,,,,,,,,,,,,,,,,,,,,
,,,,,,,,,,,,,,,,,,,,,,,,,,,,,,,,,,,,,,,,,,,,,,,,,,,,,,,,,
,,,,,,,,,,,,,,,,,,,,,,,,,,,,,,,,,,,,,,,,,,,,,,,,,,,,,,,,,
,,,,,,,,,,,,,,,,,,,,,,,,,,,,,,,,,,,,,,,,,,,,,,,,,,,,,,,,,
,,,,,,,,,,,,,,,,,,,,,,,,,,,,,,,,,,,,,,,,,,,,,,,,,,,,,,,,,
,,,,,,,,,,,,,,,,,,,,,,,,,,,,,,,,,,,,,,,,,,,,,,,,,,,,,,,,,
,,,,,,,,,,,,,,,,,,,,,,,,,,,,,,,,,,,,,,,,,,,,,,,,,,,,,,,,,
,,,,,,,,,,,,,,,,,,,,,,,,,,,,,,,,,,,,,,,,,,,,,,,,,,,,,,,,,
,,,,,,,,,,,,,,,,,,,,,,,,,,,,,,,,,,,,,,,,,,,,,,,,,,,,,,,,,
,,,,,,,,,,,,,,,,,,,,,,,,,,,,,,,,,,,,,,,,,,,,,,,,,,,,,,,,,
,,,,,,,,,,,,,,,,,,,,,,,,,,,,,,,,,,,,,,,,,,,,,,,,,,,,,,,,,
,,,,,,,,,,,,,,,,,,,,,,,,,,,,,,,,,,,,,,,,,,,,,,,,,,,,,,,,,
,,,,,,,,,,,,,,,,,,,,,,,,,,,,,,,,,,,,,,,,,,,,,,,,,,,,,,,,,
,,,,,,,,,,,,,,,,,,,,,,,,,,,,,,,,,,,,,,,,,,,,,,,,,,,,,,,,,
,,,,,,,,,,,,,,,,,,,,,,,,,,,,,,,,,,,,,,,,,,,,,,,,,,,,,,,,,
,,,,,,,,,,,,,,,,,,,,,,,,,,,,,,,,,,,,,,,,,,,,,,,,,,,,,,,,,
,,,,,,,,,,,,,,,,,,,,,,,,,,,,,,,,,,,,,,,,,,,,,,,,,,,,,,,,,
,,,,,,,,,,,,,,,,,,,,,,,,,,,,,,,,,,,,,,,,,,,,,,,,,,,,,,,,,
,,,,,,,,,,,,,,,,,,,,,,,,,,,,,,,,,,,,,,,,,,,,,,,,,,,,,,,,,
,,,,,,,,,,,,,,,,,,,,,,,,,,,,,,,,,,,,,,,,,,,,,,,,,,,,,,,,,
,,,,,,,,,,,,,,,,,,,,,,,,,,,,,,,,,,,,,,,,,,,,,,,,,,,,,,,,,
,,,,,,,,,,,,,,,,,,,,,,,,,,,,,,,,,,,,,,,,,,,,,,,,,,,,,,,,,
,,,,,,,,,,,,,,,,,,,,,,,,,,,,,,,,,,,,,,,,,,,,,,,,,,,,,,,,,
,,,,,,,,,,,,,,,,,,,,,,,,,,,,,,,,,,,,,,,,,,,,,,,,,,,,,,,,,
,,,,,,,,,,,,,,,,,,,,,,,,,,,,,,,,,,,,,,,,,,,,,,,,,,,,,,,,,
,,,,,,,,,,,,,,,,,,,,,,,,,,,,,,,,,,,,,,,,,,,,,,,,,,,,,,,,,
,,,,,,,,,,,,,,,,,,,,,,,,,,,,,,,,,,,,,,,,,,,,,,,,,,,,,,,,,
,,,,,,,,,,,,,,,,,,,,,,,,,,,,,,,,,,,,,,,,,,,,,,,,,,,,,,,,,
,,,,,,,,,,,,,,,,,,,,,,,,,,,,,,,,,,,,,,,,,,,,,,,,,,,,,,,,,
,,,,,,,,,,,,,,,,,,,,,,,,,,,,,,,,,,,,,,,,,,,,,,,,,,,,,,,,,
,,,,,,,,,,,,,,,,,,,,,,,,,,,,,,,,,,,,,,,,,,,,,,,,,,,,,,,,,
,,,,,,,,,,,,,,,,,,,,,,,,,,,,,,,,,,,,,,,,,,,,,,,,,,,,,,,,,
,,,,,,,,,,,,,,,,,,,,,,,,,,,,,,,,,,,,,,,,,,,,,,,,,,,,,,,,,
,,,,,,,,,,,,,,,,,,,,,,,,,,,,,,,,,,,,,,,,,,,,,,,,,,,,,,,,,
,,,,,,,,,,,,,,,,,,,,,,,,,,,,,,,,,,,,,,,,,,,,,,,,,,,,,,,,,
,,,,,,,,,,,,,,,,,,,,,,,,,,,,,,,,,,,,,,,,,,,,,,,,,,,,,,,,,
,,,,,,,,,,,,,,,,,,,,,,,,,,,,,,,,,,,,,,,,,,,,,,,,,,,,,,,,,
,,,,,,,,,,,,,,,,,,,,,,,,,,,,,,,,,,,,,,,,,,,,,,,,,,,,,,,,,
,,,,,,,,,,,,,,,,,,,,,,,,,,,,,,,,,,,,,,,,,,,,,,,,,,,,,,,,,
,,,,,,,,,,,,,,,,,,,,,,,,,,,,,,,,,,,,,,,,,,,,,,,,,,,,,,,,,
,,,,,,,,,,,,,,,,,,,,,,,,,,,,,,,,,,,,,,,,,,,,,,,,,,,,,,,,,
,,,,,,,,,,,,,,,,,,,,,,,,,,,,,,,,,,,,,,,,,,,,,,,,,,,,,,,,,
,,,,,,,,,,,,,,,,,,,,,,,,,,,,,,,,,,,,,,,,,,,,,,,,,,,,,,,,,
,,,,,,,,,,,,,,,,,,,,,,,,,,,,,,,,,,,,,,,,,,,,,,,,,,,,,,,,,
,,,,,,,,,,,,,,,,,,,,,,,,,,,,,,,,,,,,,,,,,,,,,,,,,,,,,,,,,
,,,,,,,,,,,,,,,,,,,,,,,,,,,,,,,,,,,,,,,,,,,,,,,,,,,,,,,,,
,,,,,,,,,,,,,,,,,,,,,,,,,,,,,,,,,,,,,,,,,,,,,,,,,,,,,,,,,
,,,,,,,,,,,,,,,,,,,,,,,,,,,,,,,,,,,,,,,,,,,,,,,,,,,,,,,,,
,,,,,,,,,,,,,,,,,,,,,,,,,,,,,,,,,,,,,,,,,,,,,,,,,,,,,,,,,
,,,,,,,,,,,,,,,,,,,,,,,,,,,,,,,,,,,,,,,,,,,,,,,,,,,,,,,,,
,,,,,,,,,,,,,,,,,,,,,,,,,,,,,,,,,,,,,,,,,,,,,,,,,,,,,,,,,
,,,,,,,,,,,,,,,,,,,,,,,,,,,,,,,,,,,,,,,,,,,,,,,,,,,,,,,,,
,,,,,,,,,,,,,,,,,,,,,,,,,,,,,,,,,,,,,,,,,,,,,,,,,,,,,,,,,
,,,,,,,,,,,,,,,,,,,,,,,,,,,,,,,,,,,,,,,,,,,,,,,,,,,,,,,,,
,,,,,,,,,,,,,,,,,,,,,,,,,,,,,,,,,,,,,,,,,,,,,,,,,,,,,,,,,
,,,,,,,,,,,,,,,,,,,,,,,,,,,,,,,,,,,,,,,,,,,,,,,,,,,,,,,,,
,,,,,,,,,,,,,,,,,,,,,,,,,,,,,,,,,,,,,,,,,,,,,,,,,,,,,,,,,
,,,,,,,,,,,,,,,,,,,,,,,,,,,,,,,,,,,,,,,,,,,,,,,,,,,,,,,,,
,,,,,,,,,,,,,,,,,,,,,,,,,,,,,,,,,,,,,,,,,,,,,,,,,,,,,,,,,
,,,,,,,,,,,,,,,,,,,,,,,,,,,,,,,,,,,,,,,,,,,,,,,,,,,,,,,,,
,,,,,,,,,,,,,,,,,,,,,,,,,,,,,,,,,,,,,,,,,,,,,,,,,,,,,,,,,
,,,,,,,,,,,,,,,,,,,,,,,,,,,,,,,,,,,,,,,,,,,,,,,,,,,,,,,,,
,,,,,,,,,,,,,,,,,,,,,,,,,,,,,,,,,,,,,,,,,,,,,,,,,,,,,,,,,
,,,,,,,,,,,,,,,,,,,,,,,,,,,,,,,,,,,,,,,,,,,,,,,,,,,,,,,,,
,,,,,,,,,,,,,,,,,,,,,,,,,,,,,,,,,,,,,,,,,,,,,,,,,,,,,,,,,
,,,,,,,,,,,,,,,,,,,,,,,,,,,,,,,,,,,,,,,,,,,,,,,,,,,,,,,,,
,,,,,,,,,,,,,,,,,,,,,,,,,,,,,,,,,,,,,,,,,,,,,,,,,,,,,,,,,
,,,,,,,,,,,,,,,,,,,,,,,,,,,,,,,,,,,,,,,,,,,,,,,,,,,,,,,,,
,,,,,,,,,,,,,,,,,,,,,,,,,,,,,,,,,,,,,,,,,,,,,,,,,,,,,,,,,
,,,,,,,,,,,,,,,,,,,,,,,,,,,,,,,,,,,,,,,,,,,,,,,,,,,,,,,,,
,,,,,,,,,,,,,,,,,,,,,,,,,,,,,,,,,,,,,,,,,,,,,,,,,,,,,,,,,
,,,,,,,,,,,,,,,,,,,,,,,,,,,,,,,,,,,,,,,,,,,,,,,,,,,,,,,,,
,,,,,,,,,,,,,,,,,,,,,,,,,,,,,,,,,,,,,,,,,,,,,,,,,,,,,,,,,
,,,,,,,,,,,,,,,,,,,,,,,,,,,,,,,,,,,,,,,,,,,,,,,,,,,,,,,,,
,,,,,,,,,,,,,,,,,,,,,,,,,,,,,,,,,,,,,,,,,,,,,,,,,,,,,,,,,
,,,,,,,,,,,,,,,,,,,,,,,,,,,,,,,,,,,,,,,,,,,,,,,,,,,,,,,,,
,,,,,,,,,,,,,,,,,,,,,,,,,,,,,,,,,,,,,,,,,,,,,,,,,,,,,,,,,
,,,,,,,,,,,,,,,,,,,,,,,,,,,,,,,,,,,,,,,,,,,,,,,,,,,,,,,,,
,,,,,,,,,,,,,,,,,,,,,,,,,,,,,,,,,,,,,,,,,,,,,,,,,,,,,,,,,
,,,,,,,,,,,,,,,,,,,,,,,,,,,,,,,,,,,,,,,,,,,,,,,,,,,,,,,,,
,,,,,,,,,,,,,,,,,,,,,,,,,,,,,,,,,,,,,,,,,,,,,,,,,,,,,,,,,
,,,,,,,,,,,,,,,,,,,,,,,,,,,,,,,,,,,,,,,,,,,,,,,,,,,,,,,,,
,,,,,,,,,,,,,,,,,,,,,,,,,,,,,,,,,,,,,,,,,,,,,,,,,,,,,,,,,
,,,,,,,,,,,,,,,,,,,,,,,,,,,,,,,,,,,,,,,,,,,,,,,,,,,,,,,,,
,,,,,,,,,,,,,,,,,,,,,,,,,,,,,,,,,,,,,,,,,,,,,,,,,,,,,,,,,
,,,,,,,,,,,,,,,,,,,,,,,,,,,,,,,,,,,,,,,,,,,,,,,,,,,,,,,,,
,,,,,,,,,,,,,,,,,,,,,,,,,,,,,,,,,,,,,,,,,,,,,,,,,,,,,,,,,
,,,,,,,,,,,,,,,,,,,,,,,,,,,,,,,,,,,,,,,,,,,,,,,,,,,,,,,,,
,,,,,,,,,,,,,,,,,,,,,,,,,,,,,,,,,,,,,,,,,,,,,,,,,,,,,,,,,
,,,,,,,,,,,,,,,,,,,,,,,,,,,,,,,,,,,,,,,,,,,,,,,,,,,,,,,,,
,,,,,,,,,,,,,,,,,,,,,,,,,,,,,,,,,,,,,,,,,,,,,,,,,,,,,,,,,
,,,,,,,,,,,,,,,,,,,,,,,,,,,,,,,,,,,,,,,,,,,,,,,,,,,,,,,,,
,,,,,,,,,,,,,,,,,,,,,,,,,,,,,,,,,,,,,,,,,,,,,,,,,,,,,,,,,
,,,,,,,,,,,,,,,,,,,,,,,,,,,,,,,,,,,,,,,,,,,,,,,,,,,,,,,,,
,,,,,,,,,,,,,,,,,,,,,,,,,,,,,,,,,,,,,,,,,,,,,,,,,,,,,,,,,
,,,,,,,,,,,,,,,,,,,,,,,,,,,,,,,,,,,,,,,,,,,,,,,,,,,,,,,,,
,,,,,,,,,,,,,,,,,,,,,,,,,,,,,,,,,,,,,,,,,,,,,,,,,,,,,,,,,
,,,,,,,,,,,,,,,,,,,,,,,,,,,,,,,,,,,,,,,,,,,,,,,,,,,,,,,,,
,,,,,,,,,,,,,,,,,,,,,,,,,,,,,,,,,,,,,,,,,,,,,,,,,,,,,,,,,
,,,,,,,,,,,,,,,,,,,,,,,,,,,,,,,,,,,,,,,,,,,,,,,,,,,,,,,,,
,,,,,,,,,,,,,,,,,,,,,,,,,,,,,,,,,,,,,,,,,,,,,,,,,,,,,,,,,
,,,,,,,,,,,,,,,,,,,,,,,,,,,,,,,,,,,,,,,,,,,,,,,,,,,,,,,,,
,,,,,,,,,,,,,,,,,,,,,,,,,,,,,,,,,,,,,,,,,,,,,,,,,,,,,,,,,
,,,,,,,,,,,,,,,,,,,,,,,,,,,,,,,,,,,,,,,,,,,,,,,,,,,,,,,,,
,,,,,,,,,,,,,,,,,,,,,,,,,,,,,,,,,,,,,,,,,,,,,,,,,,,,,,,,,
,,,,,,,,,,,,,,,,,,,,,,,,,,,,,,,,,,,,,,,,,,,,,,,,,,,,,,,,,
,,,,,,,,,,,,,,,,,,,,,,,,,,,,,,,,,,,,,,,,,,,,,,,,,,,,,,,,,
,,,,,,,,,,,,,,,,,,,,,,,,,,,,,,,,,,,,,,,,,,,,,,,,,,,,,,,,,
,,,,,,,,,,,,,,,,,,,,,,,,,,,,,,,,,,,,,,,,,,,,,,,,,,,,,,,,,
,,,,,,,,,,,,,,,,,,,,,,,,,,,,,,,,,,,,,,,,,,,,,,,,,,,,,,,,,
,,,,,,,,,,,,,,,,,,,,,,,,,,,,,,,,,,,,,,,,,,,,,,,,,,,,,,,,,
,,,,,,,,,,,,,,,,,,,,,,,,,,,,,,,,,,,,,,,,,,,,,,,,,,,,,,,,,
,,,,,,,,,,,,,,,,,,,,,,,,,,,,,,,,,,,,,,,,,,,,,,,,,,,,,,,,,
,,,,,,,,,,,,,,,,,,,,,,,,,,,,,,,,,,,,,,,,,,,,,,,,,,,,,,,,,
,,,,,,,,,,,,,,,,,,,,,,,,,,,,,,,,,,,,,,,,,,,,,,,,,,,,,,,,,
,,,,,,,,,,,,,,,,,,,,,,,,,,,,,,,,,,,,,,,,,,,,,,,,,,,,,,,,,
,,,,,,,,,,,,,,,,,,,,,,,,,,,,,,,,,,,,,,,,,,,,,,,,,,,,,,,,,
,,,,,,,,,,,,,,,,,,,,,,,,,,,,,,,,,,,,,,,,,,,,,,,,,,,,,,,,,
,,,,,,,,,,,,,,,,,,,,,,,,,,,,,,,,,,,,,,,,,,,,,,,,,,,,,,,,,
,,,,,,,,,,,,,,,,,,,,,,,,,,,,,,,,,,,,,,,,,,,,,,,,,,,,,,,,,
,,,,,,,,,,,,,,,,,,,,,,,,,,,,,,,,,,,,,,,,,,,,,,,,,,,,,,,,,
,,,,,,,,,,,,,,,,,,,,,,,,,,,,,,,,,,,,,,,,,,,,,,,,,,,,,,,,,
,,,,,,,,,,,,,,,,,,,,,,,,,,,,,,,,,,,,,,,,,,,,,,,,,,,,,,,,,
,,,,,,,,,,,,,,,,,,,,,,,,,,,,,,,,,,,,,,,,,,,,,,,,,,,,,,,,,
,,,,,,,,,,,,,,,,,,,,,,,,,,,,,,,,,,,,,,,,,,,,,,,,,,,,,,,,,
,,,,,,,,,,,,,,,,,,,,,,,,,,,,,,,,,,,,,,,,,,,,,,,,,,,,,,,,,
,,,,,,,,,,,,,,,,,,,,,,,,,,,,,,,,,,,,,,,,,,,,,,,,,,,,,,,,,
,,,,,,,,,,,,,,,,,,,,,,,,,,,,,,,,,,,,,,,,,,,,,,,,,,,,,,,,,
,,,,,,,,,,,,,,,,,,,,,,,,,,,,,,,,,,,,,,,,,,,,,,,,,,,,,,,,,
,,,,,,,,,,,,,,,,,,,,,,,,,,,,,,,,,,,,,,,,,,,,,,,,,,,,,,,,,
,,,,,,,,,,,,,,,,,,,,,,,,,,,,,,,,,,,,,,,,,,,,,,,,,,,,,,,,,
,,,,,,,,,,,,,,,,,,,,,,,,,,,,,,,,,,,,,,,,,,,,,,,,,,,,,,,,,
,,,,,,,,,,,,,,,,,,,,,,,,,,,,,,,,,,,,,,,,,,,,,,,,,,,,,,,,,
,,,,,,,,,,,,,,,,,,,,,,,,,,,,,,,,,,,,,,,,,,,,,,,,,,,,,,,,,
,,,,,,,,,,,,,,,,,,,,,,,,,,,,,,,,,,,,,,,,,,,,,,,,,,,,,,,,,
,,,,,,,,,,,,,,,,,,,,,,,,,,,,,,,,,,,,,,,,,,,,,,,,,,,,,,,,,
,,,,,,,,,,,,,,,,,,,,,,,,,,,,,,,,,,,,,,,,,,,,,,,,,,,,,,,,,
,,,,,,,,,,,,,,,,,,,,,,,,,,,,,,,,,,,,,,,,,,,,,,,,,,,,,,,,,
,,,,,,,,,,,,,,,,,,,,,,,,,,,,,,,,,,,,,,,,,,,,,,,,,,,,,,,,,
,,,,,,,,,,,,,,,,,,,,,,,,,,,,,,,,,,,,,,,,,,,,,,,,,,,,,,,,,
,,,,,,,,,,,,,,,,,,,,,,,,,,,,,,,,,,,,,,,,,,,,,,,,,,,,,,,,,
,,,,,,,,,,,,,,,,,,,,,,,,,,,,,,,,,,,,,,,,,,,,,,,,,,,,,,,,,
,,,,,,,,,,,,,,,,,,,,,,,,,,,,,,,,,,,,,,,,,,,,,,,,,,,,,,,,,
,,,,,,,,,,,,,,,,,,,,,,,,,,,,,,,,,,,,,,,,,,,,,,,,,,,,,,,,,
,,,,,,,,,,,,,,,,,,,,,,,,,,,,,,,,,,,,,,,,,,,,,,,,,,,,,,,,,
,,,,,,,,,,,,,,,,,,,,,,,,,,,,,,,,,,,,,,,,,,,,,,,,,,,,,,,,,
,,,,,,,,,,,,,,,,,,,,,,,,,,,,,,,,,,,,,,,,,,,,,,,,,,,,,,,,,
,,,,,,,,,,,,,,,,,,,,,,,,,,,,,,,,,,,,,,,,,,,,,,,,,,,,,,,,,
,,,,,,,,,,,,,,,,,,,,,,,,,,,,,,,,,,,,,,,,,,,,,,,,,,,,,,,,,
,,,,,,,,,,,,,,,,,,,,,,,,,,,,,,,,,,,,,,,,,,,,,,,,,,,,,,,,,
,,,,,,,,,,,,,,,,,,,,,,,,,,,,,,,,,,,,,,,,,,,,,,,,,,,,,,,,,
,,,,,,,,,,,,,,,,,,,,,,,,,,,,,,,,,,,,,,,,,,,,,,,,,,,,,,,,,
,,,,,,,,,,,,,,,,,,,,,,,,,,,,,,,,,,,,,,,,,,,,,,,,,,,,,,,,,
,,,,,,,,,,,,,,,,,,,,,,,,,,,,,,,,,,,,,,,,,,,,,,,,,,,,,,,,,
,,,,,,,,,,,,,,,,,,,,,,,,,,,,,,,,,,,,,,,,,,,,,,,,,,,,,,,,,
,,,,,,,,,,,,,,,,,,,,,,,,,,,,,,,,,,,,,,,,,,,,,,,,,,,,,,,,,
,,,,,,,,,,,,,,,,,,,,,,,,,,,,,,,,,,,,,,,,,,,,,,,,,,,,,,,,,
,,,,,,,,,,,,,,,,,,,,,,,,,,,,,,,,,,,,,,,,,,,,,,,,,,,,,,,,,
,,,,,,,,,,,,,,,,,,,,,,,,,,,,,,,,,,,,,,,,,,,,,,,,,,,,,,,,,
,,,,,,,,,,,,,,,,,,,,,,,,,,,,,,,,,,,,,,,,,,,,,,,,,,,,,,,,,
,,,,,,,,,,,,,,,,,,,,,,,,,,,,,,,,,,,,,,,,,,,,,,,,,,,,,,,,,
,,,,,,,,,,,,,,,,,,,,,,,,,,,,,,,,,,,,,,,,,,,,,,,,,,,,,,,,,
,,,,,,,,,,,,,,,,,,,,,,,,,,,,,,,,,,,,,,,,,,,,,,,,,,,,,,,,,
,,,,,,,,,,,,,,,,,,,,,,,,,,,,,,,,,,,,,,,,,,,,,,,,,,,,,,,,,
,,,,,,,,,,,,,,,,,,,,,,,,,,,,,,,,,,,,,,,,,,,,,,,,,,,,,,,,,
,,,,,,,,,,,,,,,,,,,,,,,,,,,,,,,,,,,,,,,,,,,,,,,,,,,,,,,,,
,,,,,,,,,,,,,,,,,,,,,,,,,,,,,,,,,,,,,,,,,,,,,,,,,,,,,,,,,
,,,,,,,,,,,,,,,,,,,,,,,,,,,,,,,,,,,,,,,,,,,,,,,,,,,,,,,,,
,,,,,,,,,,,,,,,,,,,,,,,,,,,,,,,,,,,,,,,,,,,,,,,,,,,,,,,,,
,,,,,,,,,,,,,,,,,,,,,,,,,,,,,,,,,,,,,,,,,,,,,,,,,,,,,,,,,
,,,,,,,,,,,,,,,,,,,,,,,,,,,,,,,,,,,,,,,,,,,,,,,,,,,,,,,,,
,,,,,,,,,,,,,,,,,,,,,,,,,,,,,,,,,,,,,,,,,,,,,,,,,,,,,,,,,
,,,,,,,,,,,,,,,,,,,,,,,,,,,,,,,,,,,,,,,,,,,,,,,,,,,,,,,,,
,,,,,,,,,,,,,,,,,,,,,,,,,,,,,,,,,,,,,,,,,,,,,,,,,,,,,,,,,
,,,,,,,,,,,,,,,,,,,,,,,,,,,,,,,,,,,,,,,,,,,,,,,,,,,,,,,,,
,,,,,,,,,,,,,,,,,,,,,,,,,,,,,,,,,,,,,,,,,,,,,,,,,,,,,,,,,
,,,,,,,,,,,,,,,,,,,,,,,,,,,,,,,,,,,,,,,,,,,,,,,,,,,,,,,,,
,,,,,,,,,,,,,,,,,,,,,,,,,,,,,,,,,,,,,,,,,,,,,,,,,,,,,,,,,
,,,,,,,,,,,,,,,,,,,,,,,,,,,,,,,,,,,,,,,,,,,,,,,,,,,,,,,,,
,,,,,,,,,,,,,,,,,,,,,,,,,,,,,,,,,,,,,,,,,,,,,,,,,,,,,,,,,
,,,,,,,,,,,,,,,,,,,,,,,,,,,,,,,,,,,,,,,,,,,,,,,,,,,,,,,,,
,,,,,,,,,,,,,,,,,,,,,,,,,,,,,,,,,,,,,,,,,,,,,,,,,,,,,,,,,
,,,,,,,,,,,,,,,,,,,,,,,,,,,,,,,,,,,,,,,,,,,,,,,,,,,,,,,,,
,,,,,,,,,,,,,,,,,,,,,,,,,,,,,,,,,,,,,,,,,,,,,,,,,,,,,,,,,
,,,,,,,,,,,,,,,,,,,,,,,,,,,,,,,,,,,,,,,,,,,,,,,,,,,,,,,,,
,,,,,,,,,,,,,,,,,,,,,,,,,,,,,,,,,,,,,,,,,,,,,,,,,,,,,,,,,
,,,,,,,,,,,,,,,,,,,,,,,,,,,,,,,,,,,,,,,,,,,,,,,,,,,,,,,,,
,,,,,,,,,,,,,,,,,,,,,,,,,,,,,,,,,,,,,,,,,,,,,,,,,,,,,,,,,
,,,,,,,,,,,,,,,,,,,,,,,,,,,,,,,,,,,,,,,,,,,,,,,,,,,,,,,,,
,,,,,,,,,,,,,,,,,,,,,,,,,,,,,,,,,,,,,,,,,,,,,,,,,,,,,,,,,
,,,,,,,,,,,,,,,,,,,,,,,,,,,,,,,,,,,,,,,,,,,,,,,,,,,,,,,,,
,,,,,,,,,,,,,,,,,,,,,,,,,,,,,,,,,,,,,,,,,,,,,,,,,,,,,,,,,
,,,,,,,,,,,,,,,,,,,,,,,,,,,,,,,,,,,,,,,,,,,,,,,,,,,,,,,,,
,,,,,,,,,,,,,,,,,,,,,,,,,,,,,,,,,,,,,,,,,,,,,,,,,,,,,,,,,
,,,,,,,,,,,,,,,,,,,,,,,,,,,,,,,,,,,,,,,,,,,,,,,,,,,,,,,,,
,,,,,,,,,,,,,,,,,,,,,,,,,,,,,,,,,,,,,,,,,,,,,,,,,,,,,,,,,
,,,,,,,,,,,,,,,,,,,,,,,,,,,,,,,,,,,,,,,,,,,,,,,,,,,,,,,,,
,,,,,,,,,,,,,,,,,,,,,,,,,,,,,,,,,,,,,,,,,,,,,,,,,,,,,,,,,
,,,,,,,,,,,,,,,,,,,,,,,,,,,,,,,,,,,,,,,,,,,,,,,,,,,,,,,,,
,,,,,,,,,,,,,,,,,,,,,,,,,,,,,,,,,,,,,,,,,,,,,,,,,,,,,,,,,
,,,,,,,,,,,,,,,,,,,,,,,,,,,,,,,,,,,,,,,,,,,,,,,,,,,,,,,,,
,,,,,,,,,,,,,,,,,,,,,,,,,,,,,,,,,,,,,,,,,,,,,,,,,,,,,,,,,
,,,,,,,,,,,,,,,,,,,,,,,,,,,,,,,,,,,,,,,,,,,,,,,,,,,,,,,,,
,,,,,,,,,,,,,,,,,,,,,,,,,,,,,,,,,,,,,,,,,,,,,,,,,,,,,,,,,
,,,,,,,,,,,,,,,,,,,,,,,,,,,,,,,,,,,,,,,,,,,,,,,,,,,,,,,,,
,,,,,,,,,,,,,,,,,,,,,,,,,,,,,,,,,,,,,,,,,,,,,,,,,,,,,,,,,
,,,,,,,,,,,,,,,,,,,,,,,,,,,,,,,,,,,,,,,,,,,,,,,,,,,,,,,,,
,,,,,,,,,,,,,,,,,,,,,,,,,,,,,,,,,,,,,,,,,,,,,,,,,,,,,,,,,
,,,,,,,,,,,,,,,,,,,,,,,,,,,,,,,,,,,,,,,,,,,,,,,,,,,,,,,,,
,,,,,,,,,,,,,,,,,,,,,,,,,,,,,,,,,,,,,,,,,,,,,,,,,,,,,,,,,
,,,,,,,,,,,,,,,,,,,,,,,,,,,,,,,,,,,,,,,,,,,,,,,,,,,,,,,,,
,,,,,,,,,,,,,,,,,,,,,,,,,,,,,,,,,,,,,,,,,,,,,,,,,,,,,,,,,
,,,,,,,,,,,,,,,,,,,,,,,,,,,,,,,,,,,,,,,,,,,,,,,,,,,,,,,,,
,,,,,,,,,,,,,,,,,,,,,,,,,,,,,,,,,,,,,,,,,,,,,,,,,,,,,,,,,
,,,,,,,,,,,,,,,,,,,,,,,,,,,,,,,,,,,,,,,,,,,,,,,,,,,,,,,,,
,,,,,,,,,,,,,,,,,,,,,,,,,,,,,,,,,,,,,,,,,,,,,,,,,,,,,,,,,
,,,,,,,,,,,,,,,,,,,,,,,,,,,,,,,,,,,,,,,,,,,,,,,,,,,,,,,,,
,,,,,,,,,,,,,,,,,,,,,,,,,,,,,,,,,,,,,,,,,,,,,,,,,,,,,,,,,
,,,,,,,,,,,,,,,,,,,,,,,,,,,,,,,,,,,,,,,,,,,,,,,,,,,,,,,,,
,,,,,,,,,,,,,,,,,,,,,,,,,,,,,,,,,,,,,,,,,,,,,,,,,,,,,,,,,
,,,,,,,,,,,,,,,,,,,,,,,,,,,,,,,,,,,,,,,,,,,,,,,,,,,,,,,,,
,,,,,,,,,,,,,,,,,,,,,,,,,,,,,,,,,,,,,,,,,,,,,,,,,,,,,,,,,
,,,,,,,,,,,,,,,,,,,,,,,,,,,,,,,,,,,,,,,,,,,,,,,,,,,,,,,,,
,,,,,,,,,,,,,,,,,,,,,,,,,,,,,,,,,,,,,,,,,,,,,,,,,,,,,,,,,
,,,,,,,,,,,,,,,,,,,,,,,,,,,,,,,,,,,,,,,,,,,,,,,,,,,,,,,,,
,,,,,,,,,,,,,,,,,,,,,,,,,,,,,,,,,,,,,,,,,,,,,,,,,,,,,,,,,
,,,,,,,,,,,,,,,,,,,,,,,,,,,,,,,,,,,,,,,,,,,,,,,,,,,,,,,,,
,,,,,,,,,,,,,,,,,,,,,,,,,,,,,,,,,,,,,,,,,,,,,,,,,,,,,,,,,
,,,,,,,,,,,,,,,,,,,,,,,,,,,,,,,,,,,,,,,,,,,,,,,,,,,,,,,,,
,,,,,,,,,,,,,,,,,,,,,,,,,,,,,,,,,,,,,,,,,,,,,,,,,,,,,,,,,
,,,,,,,,,,,,,,,,,,,,,,,,,,,,,,,,,,,,,,,,,,,,,,,,,,,,,,,,,
,,,,,,,,,,,,,,,,,,,,,,,,,,,,,,,,,,,,,,,,,,,,,,,,,,,,,,,,,
,,,,,,,,,,,,,,,,,,,,,,,,,,,,,,,,,,,,,,,,,,,,,,,,,,,,,,,,,
,,,,,,,,,,,,,,,,,,,,,,,,,,,,,,,,,,,,,,,,,,,,,,,,,,,,,,,,,
,,,,,,,,,,,,,,,,,,,,,,,,,,,,,,,,,,,,,,,,,,,,,,,,,,,,,,,,,
,,,,,,,,,,,,,,,,,,,,,,,,,,,,,,,,,,,,,,,,,,,,,,,,,,,,,,,,,
,,,,,,,,,,,,,,,,,,,,,,,,,,,,,,,,,,,,,,,,,,,,,,,,,,,,,,,,,
,,,,,,,,,,,,,,,,,,,,,,,,,,,,,,,,,,,,,,,,,,,,,,,,,,,,,,,,,
,,,,,,,,,,,,,,,,,,,,,,,,,,,,,,,,,,,,,,,,,,,,,,,,,,,,,,,,,
,,,,,,,,,,,,,,,,,,,,,,,,,,,,,,,,,,,,,,,,,,,,,,,,,,,,,,,,,
,,,,,,,,,,,,,,,,,,,,,,,,,,,,,,,,,,,,,,,,,,,,,,,,,,,,,,,,,
,,,,,,,,,,,,,,,,,,,,,,,,,,,,,,,,,,,,,,,,,,,,,,,,,,,,,,,,,
,,,,,,,,,,,,,,,,,,,,,,,,,,,,,,,,,,,,,,,,,,,,,,,,,,,,,,,,,
,,,,,,,,,,,,,,,,,,,,,,,,,,,,,,,,,,,,,,,,,,,,,,,,,,,,,,,,,
,,,,,,,,,,,,,,,,,,,,,,,,,,,,,,,,,,,,,,,,,,,,,,,,,,,,,,,,,
,,,,,,,,,,,,,,,,,,,,,,,,,,,,,,,,,,,,,,,,,,,,,,,,,,,,,,,,,
,,,,,,,,,,,,,,,,,,,,,,,,,,,,,,,,,,,,,,,,,,,,,,,,,,,,,,,,,
,,,,,,,,,,,,,,,,,,,,,,,,,,,,,,,,,,,,,,,,,,,,,,,,,,,,,,,,,
,,,,,,,,,,,,,,,,,,,,,,,,,,,,,,,,,,,,,,,,,,,,,,,,,,,,,,,,,
,,,,,,,,,,,,,,,,,,,,,,,,,,,,,,,,,,,,,,,,,,,,,,,,,,,,,,,,,
,,,,,,,,,,,,,,,,,,,,,,,,,,,,,,,,,,,,,,,,,,,,,,,,,,,,,,,,,
,,,,,,,,,,,,,,,,,,,,,,,,,,,,,,,,,,,,,,,,,,,,,,,,,,,,,,,,,
,,,,,,,,,,,,,,,,,,,,,,,,,,,,,,,,,,,,,,,,,,,,,,,,,,,,,,,,,
,,,,,,,,,,,,,,,,,,,,,,,,,,,,,,,,,,,,,,,,,,,,,,,,,,,,,,,,,
,,,,,,,,,,,,,,,,,,,,,,,,,,,,,,,,,,,,,,,,,,,,,,,,,,,,,,,,,
,,,,,,,,,,,,,,,,,,,,,,,,,,,,,,,,,,,,,,,,,,,,,,,,,,,,,,,,,
,,,,,,,,,,,,,,,,,,,,,,,,,,,,,,,,,,,,,,,,,,,,,,,,,,,,,,,,,
,,,,,,,,,,,,,,,,,,,,,,,,,,,,,,,,,,,,,,,,,,,,,,,,,,,,,,,,,
,,,,,,,,,,,,,,,,,,,,,,,,,,,,,,,,,,,,,,,,,,,,,,,,,,,,,,,,,
,,,,,,,,,,,,,,,,,,,,,,,,,,,,,,,,,,,,,,,,,,,,,,,,,,,,,,,,,
,,,,,,,,,,,,,,,,,,,,,,,,,,,,,,,,,,,,,,,,,,,,,,,,,,,,,,,,,
,,,,,,,,,,,,,,,,,,,,,,,,,,,,,,,,,,,,,,,,,,,,,,,,,,,,,,,,,
,,,,,,,,,,,,,,,,,,,,,,,,,,,,,,,,,,,,,,,,,,,,,,,,,,,,,,,,,
,,,,,,,,,,,,,,,,,,,,,,,,,,,,,,,,,,,,,,,,,,,,,,,,,,,,,,,,,
,,,,,,,,,,,,,,,,,,,,,,,,,,,,,,,,,,,,,,,,,,,,,,,,,,,,,,,,,
,,,,,,,,,,,,,,,,,,,,,,,,,,,,,,,,,,,,,,,,,,,,,,,,,,,,,,,,,
,,,,,,,,,,,,,,,,,,,,,,,,,,,,,,,,,,,,,,,,,,,,,,,,,,,,,,,,,
,,,,,,,,,,,,,,,,,,,,,,,,,,,,,,,,,,,,,,,,,,,,,,,,,,,,,,,,,
,,,,,,,,,,,,,,,,,,,,,,,,,,,,,,,,,,,,,,,,,,,,,,,,,,,,,,,,,
,,,,,,,,,,,,,,,,,,,,,,,,,,,,,,,,,,,,,,,,,,,,,,,,,,,,,,,,,
,,,,,,,,,,,,,,,,,,,,,,,,,,,,,,,,,,,,,,,,,,,,,,,,,,,,,,,,,
,,,,,,,,,,,,,,,,,,,,,,,,,,,,,,,,,,,,,,,,,,,,,,,,,,,,,,,,,
,,,,,,,,,,,,,,,,,,,,,,,,,,,,,,,,,,,,,,,,,,,,,,,,,,,,,,,,,
,,,,,,,,,,,,,,,,,,,,,,,,,,,,,,,,,,,,,,,,,,,,,,,,,,,,,,,,,
,,,,,,,,,,,,,,,,,,,,,,,,,,,,,,,,,,,,,,,,,,,,,,,,,,,,,,,,,
